Winning_percentage,Average_Bet_Amount,Number_of_Bonuses_Received,Amount_of_Bonuses_Received,Revenue_from_Bonuses,Should_Receive_Bonus
7,687,77,752,3994,0
70,10,9,522,1796,1
35,662,62,803,4122,0
54,624,96,759,4307,0
17,338,46,989,4996,1
36,569,100,789,4533,1
78,739,77,701,3691,1
47,979,89,344,1801,0
54,666,99,715,4106,0
38,686,91,721,4002,1
12,10,1,10,10,1
39,286,43,995,4994,1
51,142,57,958,4786,1
5,655,94,740,4158,0
18,963,88,373,1951,0
53,357,46,986,4987,1
66,827,89,565,3093,1
61,773,92,625,3474,1
33,264,61,974,4982,1
29,961,88,374,1966,0
46,639,98,741,4237,0
75,737,69,719,3706,1
35,975,92,342,1838,0
39,559,59,888,4566,1
54,906,83,473,2465,0
53,829,77,593,3079,1
36,818,93,567,3166,0
72,713,74,734,3847,1
27,695,80,739,3953,0
61,575,56,882,4509,1
66,270,42,996,4986,1
48,338,46,989,4996,1
55,843,78,574,2979,0
35,979,95,327,1799,0
32,293,44,995,4997,1
9,10,1,10,10,1
31,905,88,461,2476,0
9,859,84,538,2853,0
28,10,1,10,10,1
54,10,1,10,10,1
74,10,1,10,10,1
42,10,27,132,10,1
60,652,68,802,4176,0
74,590,98,780,4451,1
14,692,92,711,3968,0
18,660,86,756,4134,0
74,951,87,396,2067,1
48,10,1,10,10,1
51,634,85,781,4258,0
32,816,96,562,3180,0
12,506,56,923,4733,1
32,781,96,603,3421,0
18,193,38,989,4893,1
10,675,70,778,4057,0
28,584,63,866,4474,1
47,10,16,640,2531,1
68,924,94,417,2306,0
49,848,89,538,2938,1
36,572,100,786,4519,1
25,675,77,763,4057,0
34,984,91,331,1749,0
35,805,90,593,3256,0
39,651,94,744,4178,1
5,624,92,772,4308,0
6,780,80,646,3428,0
65,652,72,796,4177,1
23,999,92,301,1606,0
16,987,94,316,1725,0
12,652,68,802,4173,0
64,934,91,409,2215,0
24,532,59,905,4656,1
45,286,62,973,4995,1
5,686,91,721,4001,0
20,733,74,712,3730,0
59,10,1,10,10,1
45,333,46,990,4998,1
38,589,57,869,4453,1
70,10,1,10,10,1
20,694,77,746,3958,0
65,638,98,743,4244,1
38,686,91,721,4001,0
58,589,57,869,4453,1
18,223,51,984,4940,1
73,930,96,404,2257,0
29,831,92,555,3070,0
43,827,96,547,3094,0
79,10,1,10,10,1
48,556,60,888,4576,1
11,847,87,545,2948,0
39,914,94,433,2397,0
78,681,87,735,4027,1
7,695,80,738,3953,0
12,863,94,505,2824,0
48,645,65,815,4209,0
67,537,53,909,4640,1
37,697,75,747,3941,0
12,554,60,890,4586,1
7,626,97,754,4296,0
48,731,86,688,3744,1
21,414,51,968,4928,1
52,973,88,355,1858,0
39,956,87,385,2017,0
41,497,56,927,4757,1
49,820,91,570,3149,0
54,10,1,10,10,1
73,689,67,770,3985,1
5,921,93,425,2332,0
46,996,92,307,1632,0
12,664,76,777,4115,0
58,182,38,987,4873,1
74,134,35,974,4765,1
31,10,27,720,3041,1
38,853,93,520,2899,0
61,136,35,974,4769,1
77,215,39,992,4928,1
49,679,70,775,4036,1
12,217,36,994,4932,1
7,661,62,805,4132,0
7,605,99,764,4390,0
23,742,84,681,3678,0
76,10,1,10,10,1
19,590,58,868,4451,0
22,695,72,755,3951,0
69,649,98,733,4189,1
33,956,87,385,2017,0
52,638,67,816,4241,1
56,827,89,565,3093,1
67,802,83,614,3279,1
13,949,95,374,2079,0
25,182,38,987,4874,1
7,258,41,996,4977,1
31,888,91,478,2620,0
69,10,1,10,10,1
75,10,47,810,3699,1
43,826,85,579,3100,0
75,639,85,778,4239,1
67,744,98,641,3666,1
59,728,77,712,3758,1
20,726,90,681,3772,0
9,540,51,910,4632,0
53,975,94,338,1842,0
12,943,93,391,2141,0
7,10,1,10,10,1
16,921,87,442,2337,0
5,656,94,739,4156,0
15,665,80,766,4107,0
11,918,92,433,2364,0
33,899,90,467,2527,0
50,818,93,567,3166,1
73,586,63,863,4463,1
73,36,53,914,4437,1
47,384,48,979,4964,1
64,726,90,681,3772,1
12,879,89,496,2692,0
55,654,83,769,4163,0
54,224,40,993,4941,1
45,830,77,591,3072,0
74,672,88,741,4073,1
9,811,97,565,3216,0
75,10,1,10,10,1
29,559,59,888,4566,1
23,10,39,583,2174,1
22,666,95,727,4106,1
23,943,93,391,2141,0
30,641,75,799,4228,0
27,10,1,10,10,1
76,660,63,804,4135,1
22,933,85,428,2230,0
48,713,74,734,3846,1
27,534,59,904,4650,1
8,716,94,680,3831,0
55,497,56,927,4757,1
49,634,67,820,4262,1
17,372,48,982,4976,1
7,774,88,634,3469,0
45,639,98,741,4236,1
14,805,90,593,3256,0
46,10,1,10,10,1
34,658,73,787,4142,0
55,676,89,734,4054,1
43,507,57,922,4730,1
22,559,59,888,4566,1
49,695,72,755,3951,1
48,10,23,428,1155,1
21,493,56,931,4770,1
40,679,78,758,4035,1
31,646,90,758,4202,1
49,855,85,540,2884,0
28,666,80,766,4107,1
63,589,94,792,4455,1
7,895,96,453,2556,0
67,594,94,789,4433,1
45,363,47,984,4983,1
51,800,88,603,3292,0
52,412,51,968,4930,1
23,725,81,706,3781,0
25,727,88,685,3765,0
12,920,85,448,2343,0
51,614,96,767,4351,1
77,10,1,10,10,1
62,10,1,10,10,1
28,999,92,301,1606,0
78,672,74,773,4076,1
28,872,90,504,2747,0
66,566,61,880,4540,1
65,10,27,132,10,1
38,10,1,10,10,1
54,771,93,623,3492,0
21,576,62,872,4503,1
39,948,95,379,2095,0
33,78,47,943,4597,1
39,610,99,760,4366,1
7,10,23,439,1227,1
13,905,88,461,2476,0
47,717,81,715,3824,0
29,694,92,710,3955,0
28,585,98,784,4471,0
45,855,96,511,2883,0
60,540,53,907,4630,1
5,629,67,823,4281,0
39,500,64,915,4750,1
21,726,90,681,3773,0
35,712,83,715,3856,0
61,697,97,691,3938,1
25,677,99,706,4051,1
33,321,57,979,5000,1
21,10,33,646,2571,1
52,666,81,763,4105,0
53,324,57,979,4999,1
25,745,93,655,3660,0
64,792,81,629,3345,1
36,10,27,720,3041,1
63,649,98,733,4190,1
7,789,75,646,3365,0
9,36,53,914,4437,1
50,435,52,960,4895,1
63,10,1,10,10,1
79,456,53,950,4854,1
15,948,95,377,2088,0
74,625,69,823,4301,1
7,159,36,981,4825,1
53,615,66,836,4343,1
8,287,46,993,4995,1
9,182,38,987,4874,1
34,700,78,739,3923,0
18,841,94,535,2994,0
48,876,94,488,2715,0
48,737,69,719,3706,1
29,554,60,890,4586,1
34,545,60,896,4615,1
75,676,89,734,4053,1
47,406,56,965,4940,1
48,569,54,888,4532,1
58,624,96,759,4307,1
53,652,94,741,4175,1
18,590,98,780,4452,0
69,469,66,927,4826,1
43,597,60,860,4421,0
22,855,96,511,2883,0
23,940,90,403,2165,0
32,10,9,10,10,1
19,761,84,660,3558,0
27,593,63,858,4439,1
36,827,96,547,3094,0
24,638,67,816,4241,0
20,958,95,362,1994,0
62,856,79,553,2871,0
33,887,93,474,2622,0
15,884,96,471,2652,0
57,679,78,759,4036,1
71,917,95,424,2368,0
68,704,95,691,3900,0
71,444,53,955,4878,1
64,668,72,781,4095,1
41,853,93,520,2899,0
50,498,56,927,4755,1
66,606,65,846,4385,1
76,606,93,782,4384,1
47,205,39,991,4913,1
56,682,83,744,4023,1
44,574,98,790,4512,1
39,624,96,759,4306,1
53,821,87,580,3141,1
24,575,100,784,4508,0
51,884,95,475,2653,0
62,884,90,486,2649,1
62,10,1,10,10,1
72,363,47,984,4983,1
6,692,92,711,3968,0
9,962,88,374,1964,0
37,268,36,999,4984,1
73,10,31,880,4103,1
6,922,93,423,2324,0
6,917,96,421,2366,0
22,711,99,673,3863,0
44,485,47,944,4788,1
10,555,69,874,4581,0
23,880,82,512,2679,0
45,900,83,481,2514,0
12,843,78,574,2979,0
27,10,27,132,10,1
12,10,1,10,10,1
11,508,57,920,4728,1
59,713,74,734,3846,1
68,683,99,699,4016,1
28,817,89,581,3172,0
75,924,93,419,2310,1
26,669,88,745,4091,0
23,326,54,982,4999,1
63,497,56,928,4757,1
13,664,76,777,4115,0
25,812,85,597,3207,0
65,725,81,706,3781,1
44,545,60,896,4615,1
7,947,95,380,2100,0
71,594,99,773,4433,1
23,10,16,640,2531,1
54,10,1,10,10,1
55,689,69,768,3986,0
42,10,1,10,10,1
11,320,45,992,5000,1
5,668,81,762,4094,0
65,653,68,802,4170,1
62,774,98,608,3472,0
16,10,23,428,1155,1
49,726,90,681,3773,1
11,982,89,339,1774,0
18,569,99,793,4530,1
69,727,88,685,3765,1
9,681,90,726,4027,0
17,10,29,730,3112,1
42,842,96,527,2984,0
79,575,56,882,4509,1
47,641,92,758,4229,1
64,706,74,742,3890,1
13,672,89,738,4072,0
69,555,56,895,4580,1
57,645,73,798,4207,0
8,611,93,779,4363,0
68,10,31,847,3880,1
69,177,37,986,4864,1
32,244,40,996,4964,1
72,778,75,660,3441,1
10,920,85,448,2339,0
13,767,80,663,3516,0
21,847,97,519,2945,0
33,493,56,931,4770,1
37,10,9,605,2330,1
28,10,1,10,10,1
43,485,55,935,4788,1
6,783,93,610,3407,0
72,495,56,928,4763,1
33,10,1,10,10,1
28,10,1,10,10,1
45,948,89,393,2089,0
7,806,98,569,3249,0
20,979,95,328,1800,0
20,634,67,820,4262,0
76,710,88,704,3864,1
40,649,83,773,4189,0
35,641,92,758,4229,0
12,829,85,574,3084,0
11,412,51,968,4930,1
60,859,84,538,2853,1
60,672,88,741,4074,0
60,790,88,616,3360,0
29,706,94,692,3889,0
11,867,89,514,2784,0
37,228,46,990,4946,1
50,679,72,771,4038,1
73,590,98,780,4451,1
55,692,85,729,3967,0
28,570,100,788,4530,1
71,800,88,602,3292,1
55,827,96,547,3094,0
44,975,94,338,1843,0
11,641,92,758,4229,0
49,707,84,717,3884,0
13,373,48,981,4975,1
60,783,93,610,3407,1
39,10,1,10,10,1
77,545,60,896,4615,1
36,969,88,362,1891,0
14,10,1,10,10,1
61,611,99,760,4365,1
57,757,97,629,3584,1
61,645,73,798,4207,0
67,792,81,630,3345,1
21,10,1,10,10,1
16,10,27,712,2987,1
49,767,80,663,3516,1
71,692,74,755,3967,0
52,10,33,640,2526,1
74,819,97,553,3154,1
20,781,82,640,3419,0
47,793,77,639,3341,0
65,774,88,634,3469,0
59,662,69,792,4124,1
17,592,63,858,4440,0
58,947,95,380,2100,0
59,662,69,792,4124,1
33,781,96,603,3420,0
17,973,89,353,1857,0
34,357,46,986,4987,1
70,10,1,10,10,1
8,10,1,10,10,1
43,651,68,802,4177,1
70,354,47,986,4988,1
33,651,68,802,4177,1
8,856,79,553,2871,0
67,780,74,661,3428,0
68,497,56,928,4757,1
34,670,97,718,4087,1
31,431,52,961,4901,1
24,929,96,404,2261,0
76,602,97,774,4403,1
40,10,47,808,3685,1
28,987,94,316,1725,0
42,500,51,932,4749,1
73,666,80,765,4105,1
20,719,76,722,3815,0
78,10,1,10,10,1
14,988,95,313,1712,0
25,569,99,793,4530,1
56,710,98,676,3867,0
44,565,61,880,4544,1
61,746,96,645,3652,1
24,649,99,729,4189,0
18,338,46,989,4996,1
38,414,51,968,4928,1
68,847,79,566,2948,0
45,608,97,769,4374,1
5,606,64,846,4382,1
37,588,64,861,4455,1
60,565,61,880,4544,1
34,914,94,433,2397,0
12,601,97,774,4404,0
15,979,95,328,1800,0
27,963,88,373,1949,0
8,10,1,10,10,1
51,692,85,729,3967,0
76,689,69,768,3986,1
60,10,29,723,3063,1
21,706,82,722,3889,0
47,805,94,581,3258,0
52,670,71,781,4085,1
76,144,57,958,4789,1
52,960,95,359,1985,0
22,917,96,421,2366,0
64,462,53,947,4842,1
53,584,63,866,4474,1
10,739,78,699,3695,0
6,804,97,574,3263,0
53,753,91,650,3609,0
28,10,1,10,10,1
47,921,87,441,2334,0
60,949,95,375,2079,0
35,633,67,820,4264,1
78,940,90,404,2167,1
58,341,46,989,4995,1
14,829,85,574,3084,0
77,553,60,890,4587,1
29,692,92,711,3968,0
68,570,99,792,4527,1
73,707,73,741,3881,1
66,10,23,758,3288,1
51,720,98,666,3809,0
72,586,99,779,4465,1
55,747,80,684,3642,0
66,879,96,478,2692,0
20,926,94,415,2292,0
10,962,91,366,1964,0
24,928,95,410,2275,0
14,883,96,471,2660,0
54,731,75,712,3745,1
13,747,80,684,3642,0
56,731,98,653,3743,1
59,338,46,989,4996,1
59,706,74,742,3890,1
68,666,99,715,4106,1
44,700,78,739,3923,1
67,981,93,329,1778,0
65,918,96,422,2363,0
7,827,76,598,3095,0
50,758,70,693,3573,0
31,926,94,415,2292,0
6,947,95,380,2100,0
56,350,47,986,4990,1
14,721,74,725,3803,0
35,961,95,356,1972,0
68,744,98,641,3666,1
58,358,48,984,4986,1
45,827,85,579,3099,0
50,444,53,955,4878,1
34,321,57,979,5000,1
59,879,92,489,2689,0
12,987,94,316,1725,0
36,258,41,996,4977,1
21,815,77,611,3181,0
70,10,1,10,10,1
55,10,34,571,2085,1
33,456,53,950,4854,1
13,10,29,723,3063,1
39,492,55,931,4772,1
34,10,16,640,2531,1
65,928,95,408,2276,0
48,987,94,316,1725,0
30,811,97,565,3216,0
20,737,76,704,3704,0
33,581,100,780,4485,0
47,486,55,934,4787,1
67,10,1,10,10,1
19,713,74,734,3847,0
55,10,1,10,10,1
54,37,53,915,4444,1
47,697,75,747,3940,0
56,917,96,421,2366,0
46,338,46,989,4996,1
25,10,1,10,10,1
19,10,1,10,10,1
51,629,67,823,4281,1
11,613,96,768,4356,0
68,10,1,10,10,1
50,638,68,815,4242,1
5,988,95,313,1711,0
71,676,82,752,4052,1
43,660,67,797,4133,1
27,950,95,373,2072,0
47,10,1,10,10,1
66,432,51,962,4900,1
37,694,92,710,3954,1
19,414,51,968,4928,1
71,768,79,664,3508,1
77,10,3,10,10,1
48,588,58,870,4457,1
24,940,90,403,2165,0
77,616,96,765,4341,1
38,316,49,989,5000,1
55,689,69,768,3986,0
76,694,92,710,3954,1
35,666,80,766,4107,1
30,751,89,658,3619,0
43,943,93,391,2141,0
49,778,75,660,3441,0
50,943,93,391,2141,0
45,956,87,386,2019,0
55,949,95,375,2079,0
5,964,90,364,1938,0
30,876,91,497,2718,0
18,999,92,301,1606,0
55,853,93,520,2899,1
79,975,90,347,1833,0
65,353,61,969,4989,1
35,575,100,784,4509,1
67,878,85,509,2697,0
11,350,47,986,4990,1
69,766,88,644,3521,0
5,759,70,691,3564,0
51,805,94,581,3258,0
50,608,97,769,4375,1
56,863,94,505,2824,0
27,640,92,758,4230,1
18,261,42,995,4979,1
5,759,74,684,3565,0
31,432,51,962,4900,1
45,160,36,982,4827,1
46,676,89,734,4053,0
25,10,47,882,4179,1
71,310,42,995,5000,1
71,629,67,823,4281,1
50,588,99,778,4458,1
68,725,75,720,3781,1
55,536,59,903,4645,1
25,10,12,708,2988,1
17,663,69,791,4122,0
19,848,89,538,2937,0
77,640,99,736,4232,1
5,10,1,10,10,1
28,333,46,990,4998,1
71,590,94,791,4452,1
68,607,61,852,4380,1
11,744,98,641,3666,0
48,656,94,739,4156,1
68,406,56,965,4940,1
22,10,16,94,10,1
8,766,95,624,3520,0
35,571,55,885,4522,0
55,652,74,791,4174,1
45,988,95,313,1711,0
27,477,55,939,4808,1
7,692,92,711,3968,0
24,720,98,666,3809,0
62,985,91,328,1745,0
62,556,60,888,4576,1
25,712,83,715,3856,0
52,249,40,996,4970,1
34,624,68,826,4307,1
47,735,73,712,3717,1
79,920,85,448,2343,1
55,820,91,570,3149,0
40,879,96,478,2691,0
55,10,1,10,10,1
31,789,75,646,3365,0
17,263,61,974,4982,1
60,10,16,94,10,1
5,244,40,996,4964,1
58,10,1,10,10,1
44,786,98,594,3391,0
65,569,60,879,4529,1
40,818,93,567,3166,0
19,10,33,640,2526,1
9,706,82,722,3889,0
66,649,99,729,4189,1
59,684,92,718,4013,1
17,706,82,722,3889,0
21,651,94,744,4178,0
50,900,83,481,2514,0
13,948,95,379,2095,0
15,693,73,756,3962,0
67,859,84,537,2850,0
30,10,11,10,10,1
51,10,9,10,10,1
24,10,1,10,10,1
38,614,96,767,4351,1
31,716,94,680,3830,1
77,487,55,934,4784,1
20,673,96,718,4070,0
78,313,38,997,5000,1
48,977,94,332,1818,0
21,838,79,578,3013,0
62,432,52,961,4899,1
10,635,70,815,4257,0
27,811,97,565,3216,0
49,674,99,708,4066,0
5,627,99,746,4291,0
36,10,1,10,10,1
41,814,77,612,3194,0
69,540,53,907,4630,1
38,844,97,522,2968,0
42,721,74,725,3803,1
29,880,89,495,2685,0
71,706,82,722,3889,1
15,887,91,478,2621,0
16,10,1,10,10,1
77,684,92,718,4013,1
28,767,97,618,3516,0
5,10,1,10,10,1
22,630,92,767,4279,0
22,681,96,709,4028,0
77,894,82,493,2565,0
54,804,75,631,3266,1
11,158,36,981,4823,1
48,956,87,385,2017,0
75,144,57,958,4789,1
12,784,87,625,3400,0
30,779,75,659,3434,0
52,832,77,589,3059,0
56,217,60,972,4931,1
10,895,96,453,2556,0
12,154,36,980,4813,1
58,586,63,863,4463,1
62,263,61,974,4982,1
33,638,67,816,4241,1
52,315,42,995,5000,1
9,644,69,807,4211,0
69,831,92,555,3070,1
52,10,23,758,3288,1
24,265,42,996,4983,1
42,838,90,549,3015,0
76,457,53,950,4852,1
67,829,85,574,3084,0
9,654,90,752,4164,0
7,780,96,604,3427,0
58,848,89,538,2937,0
28,771,82,654,3489,0
58,610,99,760,4366,1
63,690,80,744,3980,1
57,601,97,774,4404,1
8,676,89,734,4053,0
62,790,75,645,3359,0
39,818,93,567,3166,0
56,206,46,986,4915,1
62,977,94,332,1818,0
52,556,69,873,4577,1
26,566,60,881,4539,1
69,961,95,356,1971,0
71,958,95,362,1994,0
34,614,99,758,4349,0
28,193,38,989,4893,1
72,309,44,993,5000,1
19,417,42,975,4923,1
6,792,81,630,3345,0
33,668,72,781,4095,1
17,604,64,848,4392,1
42,618,68,832,4331,1
41,589,56,871,4452,0
40,969,88,362,1891,0
6,10,23,527,1794,1
50,896,95,457,2553,0
21,10,1,10,10,1
6,730,80,703,3747,0
11,948,89,394,2091,0
54,10,1,10,10,1
36,590,98,780,4452,0
29,713,94,683,3847,1
26,664,87,752,4117,0
27,634,67,820,4262,1
28,658,75,785,4146,1
65,10,1,10,10,1
32,495,56,928,4764,1
34,283,43,996,4993,1
51,182,38,987,4874,1
41,746,97,641,3650,0
70,10,1,10,10,1
22,341,46,989,4995,1
29,555,60,888,4579,1
61,10,1,10,10,1
60,805,90,593,3256,0
31,753,91,650,3609,0
79,158,36,981,4822,1
49,724,85,696,3785,1
32,728,69,729,3761,1
47,780,80,646,3428,0
51,498,64,916,4755,1
69,742,84,681,3678,1
11,571,55,885,4522,0
33,422,51,966,4917,1
37,717,74,731,3827,0
22,699,76,744,3927,0
58,644,68,810,4214,1
39,594,99,773,4433,1
16,973,88,355,1858,0
22,997,93,303,1627,0
73,485,55,935,4788,1
73,154,36,980,4813,1
74,78,47,943,4597,1
57,587,63,863,4463,1
59,694,92,710,3955,1
67,748,98,635,3639,1
17,612,60,849,4356,0
63,757,81,671,3580,1
21,435,51,960,4894,1
41,10,1,10,10,1
7,561,61,883,4558,0
77,653,68,802,4170,1
24,921,93,425,2332,0
27,739,69,717,3696,0
63,10,23,439,1227,1
63,206,46,986,4915,1
31,641,92,758,4229,0
43,756,72,691,3590,1
22,697,75,747,3940,0
79,730,80,703,3747,1
33,319,45,992,5000,1
67,10,1,10,10,1
49,643,64,817,4216,0
79,583,63,866,4477,1
36,361,46,985,4984,1
34,814,77,612,3194,0
31,324,57,979,4999,1
40,739,81,692,3695,1
51,999,92,301,1606,0
38,338,46,989,4996,1
32,951,87,396,2067,0
72,733,96,657,3732,0
58,672,81,759,4076,0
65,10,1,10,10,1
45,486,55,934,4787,1
62,615,59,848,4344,1
79,10,47,882,4179,1
36,959,95,361,1990,0
28,692,85,729,3967,0
35,900,83,481,2514,0
35,10,1,10,10,1
29,686,91,721,4002,1
24,697,75,747,3941,0
7,655,94,740,4158,0
54,711,99,673,3863,1
48,842,96,527,2984,0
66,612,96,769,4357,1
5,428,52,962,4906,1
53,134,35,974,4765,1
30,668,81,762,4094,0
49,10,1,10,10,1
33,805,94,581,3258,0
77,562,61,883,4557,1
15,872,90,505,2748,0
34,711,99,673,3863,0
24,948,95,379,2095,0
19,556,60,888,4576,1
36,773,92,625,3474,0
29,282,43,996,4992,1
56,675,70,778,4057,1
36,258,41,996,4977,1
8,10,1,10,10,1
32,661,86,755,4132,1
72,996,92,307,1632,0
28,10,1,10,10,1
41,683,99,699,4015,0
9,639,75,799,4237,0
5,10,1,10,10,1
63,10,1,10,10,1
35,692,92,711,3968,1
67,10,1,10,10,1
45,666,81,763,4105,0
50,891,92,470,2591,0
69,487,55,934,4784,1
18,319,45,992,5000,1
46,819,97,553,3154,0
19,572,62,875,4518,1
37,576,62,872,4503,1
36,74,47,941,4583,1
51,992,91,316,1677,0
24,977,94,332,1817,0
41,611,66,840,4364,1
9,681,90,726,4028,0
75,35,23,929,4434,1
17,385,49,978,4964,1
65,982,89,338,1774,0
61,10,27,132,10,1
30,535,63,897,4648,1
67,988,95,314,1716,0
20,421,51,965,4918,1
20,948,95,377,2088,0
62,860,97,502,2847,1
73,781,96,603,3421,1
31,10,16,110,10,1
15,10,1,10,10,1
29,818,93,567,3166,0
28,682,83,743,4023,0
32,906,83,472,2461,0
74,850,96,519,2924,0
6,835,87,563,3037,0
72,27,42,919,4404,1
57,510,57,920,4722,1
43,10,1,10,10,1
18,683,92,718,4014,0
44,506,56,923,4733,1
42,675,70,778,4056,1
46,10,34,571,2085,1
22,781,80,646,3422,0
18,781,77,654,3425,0
5,510,57,920,4722,1
23,739,77,701,3691,0
24,10,23,439,1227,1
29,648,93,749,4194,1
70,10,1,10,10,1
79,879,96,478,2691,0
34,486,55,934,4786,1
25,894,94,463,2567,0
61,664,76,777,4115,1
78,792,96,589,3345,1
43,597,60,860,4421,0
16,458,54,949,4851,1
63,244,40,996,4964,1
77,618,68,832,4331,1
42,908,93,444,2443,0
14,746,85,673,3649,0
31,881,82,511,2677,0
19,892,84,492,2581,0
65,855,85,540,2881,0
48,805,75,629,3257,0
78,10,1,10,10,1
55,509,57,921,4724,1
18,926,85,440,2290,0
29,510,58,918,4723,1
47,698,92,704,3934,0
63,10,11,10,10,1
79,205,39,991,4914,1
69,10,1,10,10,1
64,812,85,597,3208,1
36,10,1,10,10,1
63,802,91,592,3280,1
27,649,98,733,4190,0
27,932,85,428,2233,0
63,268,36,999,4984,1
74,716,94,680,3830,1
19,817,89,581,3172,0
27,10,1,10,10,1
7,833,85,569,3048,0
42,919,88,441,2350,0
17,956,87,386,2019,0
52,202,39,990,4908,1
35,182,38,987,4873,1
5,746,97,641,3649,0
43,651,94,744,4178,1
62,565,61,880,4544,1
34,847,88,545,2948,0
75,10,12,708,2988,1
28,767,80,663,3516,0
51,677,75,767,4047,1
9,211,47,986,4922,1
28,670,81,761,4086,0
57,651,68,803,4179,1
43,882,93,481,2666,0
52,587,63,863,4463,1
13,855,85,540,2884,0
37,816,89,582,3180,0
31,10,1,10,10,1
57,10,1,10,10,1
33,919,88,440,2348,0
57,817,96,559,3167,1
28,286,43,995,4994,1
57,783,93,610,3407,1
13,951,87,396,2067,0
22,420,50,966,4918,1
26,493,56,931,4770,1
28,10,1,10,10,1
59,682,72,768,4018,1
21,975,94,338,1842,0
20,591,64,859,4445,1
52,928,95,410,2275,0
70,728,69,729,3761,1
59,847,79,566,2948,0
13,818,93,567,3166,0
50,707,77,734,3883,1
27,693,73,757,3964,0
31,10,1,10,10,1
18,223,45,989,4940,1
13,154,36,980,4813,1
49,719,90,689,3813,1
44,588,64,861,4455,1
63,711,68,747,3858,1
18,716,94,680,3831,0
7,499,56,927,4752,1
55,712,83,715,3856,1
32,823,97,549,3127,0
39,652,94,741,4176,0
33,660,69,794,4134,1
15,10,1,10,10,1
31,611,93,779,4365,0
57,992,91,316,1677,0
21,677,75,768,4049,0
72,979,95,328,1800,0
51,710,98,676,3868,1
39,433,51,961,4899,1
16,23,42,916,4383,1
39,768,79,664,3507,0
48,730,80,703,3748,0
60,792,77,640,3346,1
44,988,95,313,1712,0
30,988,95,313,1711,0
76,684,75,761,4009,1
76,860,97,502,2847,1
76,10,27,712,2987,1
8,565,61,880,4544,1
72,412,51,968,4930,1
7,905,88,461,2476,0
78,547,52,904,4608,1
29,979,89,344,1801,0
69,779,74,662,3437,1
25,645,73,798,4207,0
30,10,1,10,10,1
46,694,92,710,3955,0
41,586,99,780,4468,0
70,728,77,712,3758,1
34,414,51,968,4928,1
35,584,63,866,4474,1
65,590,63,860,4448,1
61,780,80,646,3428,1
70,884,95,475,2653,0
37,940,90,403,2165,0
46,784,87,624,3400,0
55,654,83,769,4163,0
13,706,74,742,3890,0
64,724,96,669,3785,0
69,10,1,10,10,1
79,570,54,887,4525,1
27,961,95,357,1975,0
23,373,48,981,4975,1
24,648,93,749,4194,1
5,740,77,700,3690,0
48,10,27,779,3429,1
20,622,99,752,4313,1
33,997,93,303,1627,0
41,975,92,342,1839,0
68,891,92,470,2591,0
40,867,89,514,2784,0
78,929,96,404,2261,1
17,565,61,880,4544,1
25,918,92,433,2364,0
47,654,83,769,4163,0
22,633,96,753,4268,0
16,895,96,453,2556,0
39,624,96,759,4307,0
42,495,56,928,4763,1
21,136,35,974,4770,1
14,692,85,729,3967,0
12,610,66,841,4366,0
45,879,92,488,2689,0
70,508,57,921,4729,1
74,879,92,488,2689,0
20,510,57,920,4722,1
55,268,36,999,4984,1
30,10,1,10,10,1
78,767,97,618,3516,1
72,739,78,699,3695,1
30,605,99,764,4389,0
10,10,39,587,2202,1
62,10,39,583,2174,1
42,707,84,718,3883,1
35,649,98,733,4190,0
25,792,91,606,3349,0
32,823,97,549,3127,0
18,677,99,706,4051,0
56,820,91,570,3149,0
52,527,58,909,4674,1
40,508,57,920,4728,1
27,891,95,462,2590,0
61,977,94,332,1817,0
55,1000,93,299,1594,0
8,686,91,721,4002,0
12,717,81,715,3824,0
59,831,77,590,3066,1
70,948,86,400,2088,0
36,695,72,755,3949,1
61,10,1,10,10,1
67,10,1,10,10,1
64,556,53,898,4576,1
63,786,98,594,3391,0
62,783,85,633,3410,0
40,790,75,645,3359,0
37,694,77,746,3958,0
65,10,1,10,10,1
33,633,96,753,4268,0
63,870,90,506,2764,0
16,821,87,580,3141,0
54,781,96,603,3421,0
13,350,47,986,4990,1
24,482,58,932,4795,0
13,595,100,771,4431,0
34,566,62,880,4541,1
33,664,76,777,4115,1
27,771,82,654,3490,0
61,10,34,577,2127,1
51,37,53,915,4444,1
6,786,98,594,3392,0
35,950,95,373,2071,0
15,10,1,10,10,1
20,999,92,301,1606,0
74,391,49,976,4957,1
17,257,41,996,4976,1
53,699,76,744,3929,1
45,142,57,958,4786,1
41,37,53,915,4444,1
27,632,67,822,4267,1
23,697,97,691,3939,0
73,10,33,640,2526,1
13,217,36,994,4932,1
58,774,88,634,3469,0
35,844,97,522,2968,0
9,674,99,708,4066,0
9,727,75,718,3768,0
73,876,91,497,2718,0
46,144,57,958,4789,1
8,717,81,715,3824,0
30,862,96,502,2830,0
9,695,73,753,3949,0
35,753,91,650,3609,0
64,700,78,739,3923,1
67,217,36,994,4932,1
39,655,94,740,4158,1
33,887,82,502,2624,0
10,780,80,646,3429,0
53,10,1,10,10,1
21,730,80,703,3748,0
9,217,60,972,4932,1
19,958,95,362,1994,0
64,10,1,10,10,1
11,643,64,817,4216,0
15,361,46,985,4984,1
16,948,95,377,2087,0
16,667,76,774,4102,0
24,217,36,994,4932,1
71,226,40,994,4943,1
75,286,62,973,4995,1
32,752,78,685,3615,1
55,960,95,359,1984,0
29,916,96,424,2378,0
69,800,88,603,3292,1
23,743,88,668,3667,0
48,985,94,321,1744,0
58,288,35,1000,4995,1
40,692,92,711,3968,1
54,781,96,603,3420,0
49,321,57,979,5000,1
57,700,78,739,3923,1
41,683,99,699,4015,0
13,662,69,792,4125,0
66,421,51,965,4918,1
28,951,87,396,2067,0
11,727,88,685,3765,0
7,223,51,984,4940,1
31,619,97,762,4329,0
37,862,96,502,2830,0
31,879,96,478,2691,0
64,10,1,10,10,1
34,962,91,366,1964,0
19,485,55,935,4788,1
44,859,81,545,2853,0
30,202,39,990,4908,1
23,921,93,425,2332,0
18,928,95,408,2276,0
40,707,77,734,3883,1
27,10,1,10,10,1
14,671,74,774,4078,0
16,767,80,663,3516,0
47,801,84,613,3287,0
20,570,99,792,4527,0
6,651,62,814,4178,0
73,770,85,648,3498,1
71,10,1,10,10,1
65,831,77,590,3066,1
47,831,92,555,3070,1
76,357,46,986,4987,1
17,10,1,10,10,1
57,323,45,992,4999,1
53,746,85,673,3649,0
30,10,31,847,3880,1
55,456,53,950,4854,1
8,934,91,409,2215,0
42,847,88,545,2948,0
14,193,38,989,4894,1
64,669,97,718,4087,0
35,820,91,570,3149,0
11,319,45,992,5000,1
55,215,39,992,4929,1
65,888,91,478,2620,1
5,876,91,497,2718,0
10,721,74,726,3803,0
73,619,97,762,4329,1
27,792,81,630,3345,0
27,947,95,380,2100,0
44,610,66,841,4366,1
72,705,88,711,3897,1
22,785,80,641,3396,0
23,534,59,904,4650,1
45,205,39,991,4913,1
25,414,45,973,4928,1
49,625,68,825,4300,1
71,660,86,756,4135,1
10,710,76,733,3867,0
19,444,53,955,4877,1
19,662,69,792,4125,0
22,792,96,589,3345,0
69,752,78,685,3615,1
77,843,78,574,2979,1
37,660,86,756,4134,0
63,988,95,313,1711,0
36,480,55,937,4801,1
33,737,92,665,3710,0
64,988,95,313,1711,0
43,614,99,758,4349,0
41,780,80,646,3429,0
72,710,98,676,3867,1
51,855,85,540,2881,0
30,879,92,488,2689,0
76,926,94,414,2292,1
39,223,45,989,4940,1
17,677,75,767,4047,0
74,572,62,875,4518,1
36,654,83,769,4163,0
52,622,60,841,4316,0
12,766,88,644,3521,0
16,261,42,995,4979,1
5,841,94,535,2994,0
44,666,95,727,4105,0
32,606,93,782,4384,1
51,10,1,10,10,1
58,830,77,591,3072,0
68,10,1,10,10,1
77,714,94,683,3846,1
48,10,1,10,10,1
55,920,85,448,2339,0
52,643,60,823,4217,1
34,689,69,768,3986,0
9,10,1,10,10,1
65,707,73,741,3881,1
66,270,42,996,4986,1
43,244,40,996,4964,1
46,697,75,747,3941,0
26,10,34,577,2127,1
15,802,83,614,3279,0
27,590,63,860,4448,1
38,783,85,633,3410,0
71,616,96,765,4342,1
23,618,68,832,4332,1
71,757,70,693,3579,0
78,863,94,505,2824,1
35,876,94,488,2715,0
25,675,73,773,4057,1
17,497,56,928,4757,1
22,793,85,619,3340,0
56,288,44,995,4995,1
22,896,96,454,2550,0
11,979,95,328,1800,0
20,634,85,781,4258,0
24,10,1,10,10,1
31,668,72,781,4095,1
44,10,37,814,3678,1
67,684,75,760,4008,1
59,250,41,995,4970,1
11,928,95,408,2276,0
28,10,1,10,10,1
25,847,79,566,2948,0
24,627,99,747,4292,1
73,589,94,792,4456,1
46,605,99,764,4389,0
64,804,97,574,3263,0
55,929,95,406,2263,0
79,759,74,685,3570,1
46,721,80,712,3804,1
47,699,85,724,3931,0
18,654,90,752,4165,0
8,816,89,582,3179,0
40,772,79,658,3480,0
73,159,36,981,4825,1
18,265,42,996,4983,1
62,853,89,533,2901,1
28,930,85,433,2257,0
73,554,60,890,4586,1
23,755,84,665,3592,0
34,270,42,996,4986,1
64,649,99,729,4189,1
65,10,1,10,10,1
18,616,96,765,4341,0
79,681,87,735,4027,1
31,286,43,995,4994,1
27,988,95,314,1716,0
53,570,54,887,4525,1
52,766,95,624,3520,0
63,926,85,439,2287,0
10,736,92,665,3710,0
32,10,1,10,10,1
79,716,69,739,3829,1
55,656,74,787,4155,1
59,858,91,521,2860,1
28,740,77,700,3690,0
37,689,67,770,3985,1
75,142,57,958,4786,1
25,652,94,741,4175,0
22,10,1,10,10,1
28,879,84,511,2692,0
39,970,93,348,1887,0
41,485,47,944,4788,1
5,757,81,671,3579,0
60,940,86,413,2161,0
67,838,90,549,3015,0
37,920,85,448,2339,0
78,74,47,941,4583,1
55,940,86,414,2164,0
15,10,1,10,10,1
52,943,93,391,2141,0
52,270,42,996,4986,1
48,10,1,10,10,1
66,633,96,753,4268,1
52,10,1,10,10,1
60,920,85,448,2339,0
6,10,1,10,10,1
26,771,93,623,3492,0
8,694,92,710,3954,0
45,10,1,10,10,1
44,683,99,699,4015,0
30,552,56,897,4590,1
60,506,56,923,4733,1
52,891,92,470,2591,0
59,970,93,348,1887,0
52,883,96,471,2660,0
37,847,79,566,2948,0
46,745,93,655,3660,1
7,576,62,872,4504,1
36,720,98,666,3809,0
7,731,98,653,3743,0
30,811,97,565,3216,0
26,925,86,437,2294,0
18,690,80,744,3979,0
32,683,71,769,4018,0
36,555,69,874,4581,1
70,215,39,992,4928,1
51,315,45,993,5000,1
38,894,96,456,2570,0
68,681,70,774,4028,1
69,643,92,755,4218,1
74,10,1,10,10,1
34,772,79,658,3480,0
59,497,56,927,4757,1
40,694,92,710,3954,1
74,747,80,684,3642,1
39,764,91,637,3533,0
72,608,97,769,4375,1
49,361,46,985,4984,1
9,643,92,755,4218,0
19,644,98,737,4213,0
37,908,93,444,2444,0
10,683,92,718,4014,0
32,396,41,982,4952,1
75,385,49,978,4964,1
57,10,24,894,4193,1
50,947,95,380,2100,0
56,930,96,404,2257,0
23,812,85,597,3208,0
65,10,1,10,10,1
67,671,74,774,4078,1
37,924,93,419,2310,0
19,768,79,664,3508,0
26,664,76,777,4115,1
22,962,88,375,1959,0
55,661,99,720,4130,1
13,711,66,750,3859,0
39,566,61,880,4542,1
30,10,1,10,10,1
6,10,1,10,10,1
19,10,1,10,10,1
19,293,44,995,4997,1
9,740,77,700,3690,0
34,624,92,772,4308,1
10,961,95,357,1975,0
49,943,93,391,2141,0
12,736,98,647,3711,0
27,10,1,10,10,1
57,598,99,770,4417,1
75,979,95,327,1799,0
7,704,95,691,3900,0
19,10,1,10,10,1
20,622,99,752,4314,0
34,906,83,473,2465,0
36,226,40,994,4944,1
73,985,91,328,1746,0
5,624,92,772,4308,0
20,973,88,355,1858,0
45,10,23,439,1227,1
69,867,89,514,2784,0
21,746,97,641,3649,0
6,27,42,919,4404,1
19,751,89,658,3618,0
31,620,68,830,4321,1
6,948,95,377,2088,0
31,372,48,982,4975,1
45,633,67,821,4265,1
39,704,95,691,3900,0
29,917,95,424,2368,0
65,10,1,10,10,1
21,686,91,721,4001,0
10,689,67,770,3985,1
78,990,92,316,1690,0
32,676,82,752,4052,1
10,37,53,915,4444,1
72,914,94,433,2397,0
79,802,82,617,3280,1
76,892,84,492,2581,0
70,948,95,379,2095,0
37,697,86,723,3941,1
61,10,1,10,10,1
54,894,82,493,2565,0
42,309,44,993,5000,1
49,537,53,909,4640,1
41,612,96,769,4359,1
8,10,1,10,10,1
22,683,99,699,4015,0
47,985,91,328,1746,0
35,662,69,792,4125,0
8,842,96,527,2984,0
20,281,43,995,4992,1
70,756,70,695,3588,1
40,697,86,723,3941,1
22,741,72,708,3680,1
67,921,87,441,2334,0
27,707,73,741,3881,0
50,979,89,344,1801,0
26,720,98,666,3809,0
46,801,84,613,3287,0
72,985,94,321,1744,0
8,593,63,858,4438,0
23,985,94,321,1744,0
32,882,93,481,2666,0
10,698,92,704,3934,0
8,831,77,590,3066,0
55,10,27,132,10,1
66,616,72,826,4341,1
31,666,80,765,4105,0
76,631,97,750,4273,1
30,10,1,10,10,1
28,316,49,989,5000,1
77,460,61,939,4846,1
41,431,52,961,4901,1
20,608,65,844,4375,1
47,664,87,752,4117,1
70,731,86,688,3744,1
55,622,60,841,4316,0
17,979,95,327,1799,0
28,656,94,739,4156,0
61,926,94,414,2292,0
70,10,1,10,10,1
79,887,82,502,2624,1
5,10,1,10,10,1
23,613,96,768,4355,0
60,10,9,605,2330,1
6,847,97,519,2945,0
17,629,67,823,4281,0
9,695,65,768,3950,0
49,36,53,914,4437,1
63,282,46,993,4993,1
15,10,31,841,3843,1
38,555,56,895,4580,1
74,193,38,989,4893,1
75,566,61,880,4540,1
15,627,86,785,4293,0
23,10,1,10,10,1
8,310,42,995,5000,1
46,588,64,861,4458,1
10,700,78,739,3923,0
50,590,99,776,4450,1
57,420,51,966,4919,1
50,660,67,797,4133,1
25,646,90,758,4204,0
13,973,88,355,1858,0
75,848,89,538,2937,0
63,618,68,832,4332,1
74,843,78,574,2979,1
50,595,100,771,4430,1
20,785,80,641,3395,0
25,658,75,785,4146,1
56,714,94,683,3846,1
59,10,1,10,10,1
52,258,41,996,4977,1
15,774,88,634,3469,0
70,900,83,481,2514,0
7,726,90,681,3773,0
16,390,49,977,4958,1
73,10,1,10,10,1
60,891,92,470,2591,0
68,10,9,605,2330,1
17,753,91,650,3608,0
9,768,98,613,3509,0
74,658,73,787,4142,1
11,535,59,903,4647,1
39,646,68,808,4201,1
22,626,68,824,4297,1
30,999,92,301,1606,0
43,649,83,773,4189,0
26,743,72,707,3671,0
50,714,94,683,3846,0
42,888,82,501,2619,0
16,844,97,522,2968,0
19,282,46,993,4993,1
52,10,1,10,10,1
12,683,71,769,4016,0
42,611,93,779,4365,0
67,682,72,768,4020,1
20,850,92,528,2922,0
40,353,61,969,4989,1
51,910,93,442,2429,0
28,666,95,727,4106,1
63,894,94,463,2567,1
76,151,33,980,4806,1
66,589,57,869,4453,1
44,757,94,636,3582,0
16,846,90,538,2949,0
54,821,87,580,3142,0
30,706,74,741,3889,0
10,10,1,10,10,1
13,792,81,629,3345,0
39,625,69,823,4301,1
5,881,82,511,2677,0
45,896,96,454,2550,0
16,920,85,448,2339,0
34,194,55,974,4895,1
64,870,90,506,2764,0
65,534,59,904,4650,1
72,973,89,353,1856,0
78,914,94,433,2397,0
40,431,52,961,4901,1
69,725,75,720,3780,1
40,10,1,10,10,1
75,626,69,822,4295,1
47,737,92,665,3710,0
22,10,1,10,10,1
9,654,90,752,4164,0
55,191,55,974,4891,1
56,519,58,914,4696,1
40,10,1,10,10,1
30,841,86,556,2993,0
77,624,86,786,4305,1
70,10,1,10,10,1
33,780,74,661,3428,0
8,919,88,441,2350,0
55,293,44,995,4997,1
20,832,77,589,3059,0
30,323,45,992,4999,1
51,10,31,841,3843,1
62,571,55,885,4522,1
61,908,83,471,2451,0
41,674,99,708,4066,0
36,10,1,10,10,1
46,717,89,694,3828,1
52,151,33,980,4806,1
26,894,94,463,2567,0
35,537,63,896,4640,0
28,10,1,10,10,1
37,916,96,424,2378,0
14,270,42,996,4986,1
52,10,1,10,10,1
74,711,68,747,3858,1
45,756,72,691,3590,1
18,414,51,968,4928,1
25,620,68,830,4321,1
11,535,63,897,4648,0
19,10,1,10,10,1
26,660,69,794,4134,1
56,640,92,759,4231,1
78,592,58,867,4442,1
48,919,88,441,2350,0
12,599,99,770,4416,0
49,507,57,922,4730,1
45,745,93,655,3659,0
37,891,92,470,2591,0
40,869,89,510,2771,0
43,10,1,10,10,1
36,827,96,547,3095,0
48,780,74,661,3428,0
14,950,95,373,2072,0
22,10,27,132,10,1
41,319,45,992,5000,1
8,10,1,10,10,1
24,692,85,729,3967,0
9,876,80,522,2714,0
60,792,81,629,3345,1
21,697,98,689,3940,0
77,814,77,612,3194,1
76,602,97,774,4403,1
77,10,29,730,3112,1
39,751,78,685,3616,1
62,872,90,504,2747,0
40,751,78,685,3616,1
51,961,95,357,1975,0
64,796,83,621,3320,1
41,654,90,752,4164,1
65,666,87,747,4104,1
29,860,97,502,2847,0
65,333,46,990,4998,1
55,719,90,689,3813,1
37,637,69,814,4245,1
45,686,91,721,4002,1
64,681,96,709,4028,1
46,265,42,996,4983,1
71,358,48,984,4986,1
15,10,1,10,10,1
22,617,67,832,4335,0
31,926,94,414,2292,0
44,739,81,692,3695,1
8,853,89,533,2901,0
27,697,97,691,3938,0
51,733,96,657,3732,0
48,457,54,949,4852,1
9,982,89,339,1774,0
69,758,70,693,3573,1
40,981,93,329,1778,0
42,10,1,10,10,1
24,828,76,596,3088,0
49,746,97,641,3650,0
39,981,93,329,1778,0
6,10,1,10,10,1
15,202,39,990,4908,1
34,711,99,673,3863,0
71,10,1,10,10,1
38,929,96,404,2261,0
65,10,1,10,10,1
74,499,56,927,4752,1
23,970,93,349,1888,0
73,660,95,732,4134,1
38,813,77,613,3200,1
65,870,90,506,2764,0
68,609,61,849,4370,1
69,666,80,765,4105,1
47,827,79,592,3099,0
27,940,90,404,2167,0
56,947,88,398,2096,0
7,775,88,633,3463,0
37,979,95,328,1800,0
60,265,42,996,4982,1
30,625,69,823,4301,0
44,741,72,708,3680,1
75,223,40,993,4940,1
29,572,62,875,4518,1
36,847,97,519,2945,0
32,792,81,630,3345,0
65,977,94,332,1817,0
67,595,100,771,4431,1
43,919,88,440,2348,0
16,633,96,753,4267,1
41,627,99,747,4292,1
7,312,48,990,5000,1
14,781,98,599,3424,0
16,620,87,789,4323,0
62,950,95,373,2072,0
24,10,1,10,10,1
78,258,41,996,4977,1
71,373,48,981,4975,1
50,10,1,10,10,1
15,692,92,711,3967,0
23,627,86,785,4293,0
16,796,83,621,3319,0
72,154,36,980,4813,1
47,613,96,768,4356,1
29,930,85,432,2253,0
53,924,94,417,2306,0
28,640,99,736,4232,1
47,594,99,773,4433,1
7,879,92,488,2689,0
63,717,74,731,3827,0
31,283,43,996,4993,1
36,705,87,711,3897,0
10,767,80,662,3515,0
29,1000,93,299,1594,0
22,646,68,808,4201,0
13,965,90,364,1936,0
23,10,1,10,10,1
43,683,99,699,4016,1
37,744,98,641,3666,1
60,641,75,799,4228,0
56,717,75,728,3823,1
73,707,76,735,3885,1
39,591,99,776,4448,0
29,827,89,566,3094,0
65,624,92,772,4308,1
69,619,97,762,4329,1
16,781,98,599,3424,0
26,668,81,762,4094,0
66,804,97,574,3263,0
7,670,97,718,4087,0
29,943,93,391,2141,0
76,985,94,321,1744,1
53,725,81,706,3781,1
50,975,94,338,1843,0
55,681,90,726,4027,0
26,599,64,852,4414,1
61,739,81,692,3695,1
10,827,79,591,3095,0
70,630,67,823,4278,1
13,537,53,909,4640,1
32,10,1,10,10,1
56,928,95,410,2275,0
12,716,69,739,3829,0
41,177,37,986,4863,1
78,682,78,756,4022,1
75,713,94,683,3847,1
68,614,99,758,4349,1
40,422,51,966,4917,1
15,444,53,955,4877,1
30,10,16,10,10,1
38,742,84,681,3678,0
66,757,94,636,3582,1
23,573,62,874,4516,1
5,833,85,569,3048,0
42,620,68,830,4321,1
32,384,48,979,4964,1
77,979,95,327,1799,0
58,916,94,428,2380,0
9,572,62,875,4518,0
21,853,93,520,2899,0
12,627,99,746,4291,0
17,847,87,545,2948,0
16,286,62,973,4995,1
27,623,92,772,4309,0
67,570,99,792,4527,1
58,221,39,993,4937,1
70,756,79,677,3588,1
71,532,59,905,4656,1
52,676,89,734,4053,1
38,10,1,10,10,1
22,699,85,724,3931,0
44,997,93,303,1627,0
73,697,97,691,3939,1
30,617,72,825,4338,0
31,746,97,641,3650,0
30,686,91,721,4001,0
61,815,77,612,3187,1
17,616,72,826,4341,0
13,622,97,759,4314,0
55,710,66,751,3868,1
6,870,90,506,2764,0
5,806,98,569,3249,0
70,698,92,704,3934,1
61,950,95,373,2071,0
73,767,97,618,3516,1
44,821,84,587,3140,0
13,815,77,612,3187,0
62,978,95,329,1805,0
69,500,64,915,4750,1
29,921,87,442,2337,0
22,660,63,804,4135,0
41,739,78,698,3693,1
23,590,94,791,4451,1
25,884,90,486,2650,0
32,670,81,760,4086,1
39,600,60,857,4410,0
12,716,69,739,3829,0
22,226,40,994,4944,1
35,673,96,718,4071,1
49,729,69,726,3755,0
69,718,81,715,3823,1
63,674,82,755,4066,1
47,651,68,802,4177,1
72,673,96,718,4070,1
24,711,68,747,3858,1
24,608,65,844,4375,1
58,681,87,734,4028,0
35,785,80,641,3395,0
20,681,90,726,4027,0
71,226,40,994,4943,1
38,544,60,896,4617,1
15,500,56,926,4750,1
5,265,42,996,4983,1
30,309,44,993,5000,1
35,10,1,10,10,1
6,905,88,461,2476,0
77,757,81,671,3580,1
36,217,60,972,4931,1
72,906,83,472,2461,1
13,681,87,734,4028,0
30,973,89,355,1858,0
51,554,60,890,4586,1
51,10,34,571,2085,1
30,10,1,10,10,1
6,476,55,940,4810,1
7,676,82,752,4052,0
11,821,87,580,3142,0
52,589,57,869,4453,1
38,891,95,462,2590,0
31,10,1,10,10,1
32,618,68,832,4331,1
30,569,60,879,4529,0
26,973,89,353,1856,0
64,774,98,608,3472,0
43,929,95,406,2263,0
60,598,64,853,4417,1
63,589,94,792,4456,1
46,898,89,468,2529,0
69,586,99,780,4467,1
16,734,74,711,3727,0
7,592,64,858,4442,0
22,614,96,767,4349,0
5,639,70,811,4239,0
22,341,46,989,4995,1
32,780,80,646,3428,0
42,666,95,727,4106,1
51,677,99,706,4051,0
53,426,51,964,4910,1
5,768,79,664,3507,0
43,338,46,989,4996,1
23,979,95,327,1799,0
61,574,98,790,4513,1
25,728,69,729,3761,1
26,10,1,10,10,1
59,553,60,890,4587,1
8,508,57,920,4728,1
69,435,52,960,4895,1
33,10,1,10,10,1
23,859,81,544,2850,0
15,588,99,778,4459,1
28,859,84,538,2853,0
71,286,62,973,4995,1
33,601,99,767,4405,1
34,342,46,989,4994,1
77,962,88,375,1959,1
42,796,83,621,3319,0
7,615,60,846,4345,0
20,872,90,505,2748,0
48,876,94,488,2715,0
55,646,90,758,4204,0
48,792,77,640,3346,0
76,498,48,937,4755,1
31,900,83,481,2514,0
19,10,1,10,10,1
49,10,1,10,10,1
36,847,97,519,2945,0
43,630,92,767,4279,0
63,608,65,844,4375,1
6,385,49,978,4964,1
56,771,94,623,3492,0
13,402,56,966,4944,1
43,748,98,635,3639,0
18,661,62,805,4132,0
10,672,88,741,4074,0
50,537,53,909,4640,1
57,842,96,527,2984,0
68,651,68,803,4179,1
58,626,68,824,4297,1
59,838,79,578,3013,0
72,771,82,654,3490,1
33,687,68,771,3992,0
65,10,1,10,10,1
21,992,91,316,1677,0
72,891,92,470,2591,1
77,711,99,673,3863,1
60,540,53,907,4630,1
42,811,97,565,3216,0
56,821,87,580,3141,1
25,700,78,739,3923,0
6,792,91,606,3349,0
55,594,94,789,4434,1
51,821,84,587,3140,0
53,363,47,984,4983,1
50,353,61,969,4989,1
19,724,67,734,3783,1
31,985,94,321,1744,0
38,774,92,625,3473,0
5,681,96,709,4028,0
9,625,69,823,4301,0
39,666,95,727,4105,0
34,876,91,497,2718,0
70,10,1,10,10,1
40,780,80,646,3428,0
54,755,84,665,3592,0
36,973,89,353,1856,0
33,444,53,955,4877,1
70,920,85,448,2343,1
71,934,91,409,2215,0
47,720,98,666,3809,0
56,649,98,733,4190,1
7,653,99,728,4170,0
14,587,63,863,4463,1
59,859,84,538,2853,1
36,293,44,995,4997,1
22,881,96,473,2674,0
25,37,53,915,4444,1
73,713,94,683,3847,1
56,177,37,986,4863,1
52,372,48,982,4975,1
60,905,88,461,2476,0
24,879,85,508,2694,0
47,597,60,860,4421,0
62,10,31,847,3880,1
32,449,45,961,4869,1
36,960,95,359,1985,0
20,819,94,564,3153,0
16,985,91,328,1746,0
73,611,93,779,4365,1
6,10,1,10,10,1
12,716,94,680,3831,0
40,10,1,10,10,1
19,323,45,992,4999,1
32,309,44,993,5000,1
29,733,96,659,3733,0
25,784,87,625,3400,0
17,595,99,773,4432,0
40,286,43,995,4994,1
34,545,60,896,4615,1
53,917,92,433,2365,0
20,10,1,10,10,1
5,616,66,835,4340,0
79,10,1,10,10,1
28,10,10,10,10,1
70,226,40,994,4944,1
43,879,96,478,2691,0
66,663,87,752,4118,1
48,223,51,984,4940,1
8,640,92,759,4231,0
54,884,90,486,2649,0
34,821,84,587,3140,0
56,973,88,355,1858,0
7,894,96,456,2570,0
51,707,84,717,3884,0
59,616,96,765,4342,1
71,496,56,929,4760,1
75,282,43,996,4992,1
54,10,16,10,10,1
77,963,88,373,1949,0
52,633,67,821,4265,1
69,713,94,683,3847,1
79,847,79,565,2943,0
49,987,94,316,1725,0
34,947,95,380,2100,0
19,689,97,699,3985,0
21,556,53,898,4576,0
41,959,95,361,1990,0
41,510,57,920,4722,1
50,264,61,974,4982,1
63,926,85,439,2287,0
21,988,95,314,1716,0
26,287,46,993,4995,1
53,724,67,734,3783,1
6,206,46,986,4915,1
25,575,100,784,4508,0
55,667,72,781,4097,1
69,588,64,861,4458,1
69,10,1,10,10,1
68,244,40,996,4964,1
15,756,72,691,3590,0
22,309,44,993,5000,1
79,739,78,698,3693,1
25,996,92,307,1632,0
50,10,1,10,10,1
30,10,1,10,10,1
8,223,40,993,4940,1
37,862,96,502,2830,0
58,757,81,671,3579,1
5,626,68,824,4297,0
50,624,96,759,4307,0
32,770,79,662,3499,0
19,943,93,391,2141,0
64,783,85,633,3409,1
34,658,75,785,4146,1
76,673,96,718,4070,1
34,626,68,824,4297,1
31,671,74,774,4078,0
26,884,90,486,2649,0
55,909,92,444,2437,0
51,705,88,711,3897,1
43,862,96,502,2830,0
6,859,84,537,2850,0
49,10,10,10,10,1
35,638,98,743,4243,0
22,917,96,421,2366,0
51,847,87,545,2948,0
33,767,97,618,3516,0
67,724,96,669,3785,0
60,643,60,823,4217,1
53,790,88,616,3360,0
51,881,90,492,2673,0
74,535,59,903,4647,1
79,601,99,767,4405,1
74,686,91,721,4002,1
15,572,62,875,4518,0
30,10,1,10,10,1
38,10,1,10,10,1
26,831,77,590,3066,0
74,691,67,768,3974,1
15,979,95,328,1800,0
68,872,90,504,2747,0
18,904,88,462,2478,0
7,716,74,732,3833,0
52,894,83,491,2568,0
41,992,91,316,1677,0
18,753,91,650,3609,0
40,244,40,996,4964,1
46,510,57,920,4722,1
56,832,83,574,3057,0
59,350,47,986,4990,1
44,705,87,711,3897,0
63,716,94,680,3830,1
31,766,88,644,3521,0
14,52,26,939,4501,1
67,829,77,593,3079,1
44,10,29,730,3112,1
59,597,60,860,4421,1
32,479,58,934,4803,1
5,743,72,707,3671,0
34,978,95,329,1805,0
69,223,51,984,4940,1
6,975,94,338,1842,0
54,706,74,741,3889,1
54,706,74,741,3889,1
63,731,75,712,3745,1
44,434,52,960,4897,1
67,572,62,875,4518,1
36,870,90,506,2764,0
53,699,99,684,3926,1
43,700,99,684,3926,0
27,879,84,510,2688,0
18,817,89,581,3172,0
55,882,93,481,2666,0
30,182,38,987,4874,1
30,666,80,765,4105,0
51,947,88,398,2096,0
51,261,42,995,4979,1
70,858,91,521,2860,1
23,257,41,996,4976,1
5,566,61,880,4540,1
30,10,1,10,10,1
14,887,93,475,2623,0
34,10,1,10,10,1
17,475,47,948,4812,0
56,493,56,929,4768,1
36,435,52,960,4895,1
37,679,78,758,4035,1
77,913,95,431,2401,0
48,660,95,732,4134,1
52,666,88,747,4105,1
69,686,91,721,4002,1
52,948,95,377,2087,0
10,668,72,781,4095,0
57,711,99,673,3863,1
17,979,95,327,1799,0
27,975,92,342,1838,0
26,690,80,744,3980,0
30,661,62,805,4132,1
46,713,94,683,3847,1
64,426,51,964,4910,1
26,756,79,678,3589,0
44,827,79,591,3095,0
51,806,98,569,3249,0
5,841,88,550,2989,0
37,790,82,631,3362,0
64,884,96,471,2652,0
36,881,96,473,2674,0
8,136,35,974,4769,1
30,726,90,681,3772,0
76,412,51,968,4930,1
9,881,82,511,2677,0
62,710,98,676,3867,0
47,970,93,348,1887,0
53,757,94,636,3582,1
43,925,86,437,2294,0
33,221,39,993,4937,1
25,896,96,454,2550,0
64,792,81,629,3345,1
19,270,42,996,4986,1
47,824,85,583,3120,0
58,916,94,428,2380,0
17,641,92,757,4226,0
60,340,46,989,4995,1
53,10,1,10,10,1
41,733,74,712,3730,1
75,948,95,377,2087,0
29,640,99,736,4232,1
38,638,68,815,4242,1
64,419,50,967,4920,1
66,656,74,787,4155,1
38,493,56,929,4768,1
23,619,97,762,4330,1
15,620,68,830,4321,1
18,676,89,734,4053,0
61,648,93,749,4194,1
24,948,95,379,2095,0
32,816,96,562,3179,0
40,759,70,691,3564,0
5,10,1,10,10,1
32,10,27,779,3429,1
45,962,88,375,1958,0
66,10,1,10,10,1
77,10,1,10,10,1
46,661,95,732,4132,0
9,879,85,508,2694,0
19,223,45,989,4940,1
27,805,75,629,3257,0
63,612,96,769,4357,1
18,666,81,763,4105,0
18,10,39,587,2202,1
42,569,99,793,4530,1
52,340,46,989,4995,1
75,841,88,550,2990,0
11,677,75,768,4049,0
52,774,98,608,3472,0
52,605,99,764,4390,1
39,916,96,424,2378,0
69,735,73,712,3717,1
21,556,69,873,4577,0
61,712,83,715,3855,1
35,880,82,512,2679,0
29,894,94,463,2567,0
48,876,91,497,2718,0
24,962,88,374,1964,0
22,10,1,10,10,1
14,592,63,858,4440,0
74,507,57,922,4730,1
52,984,91,331,1749,0
21,435,52,960,4895,1
20,10,27,132,10,1
59,456,53,950,4854,1
52,498,56,927,4755,1
44,713,94,683,3847,1
48,590,94,791,4451,1
67,315,45,993,5000,1
30,616,72,826,4341,0
6,733,96,659,3733,0
75,838,90,549,3015,0
36,622,97,759,4314,0
35,833,85,569,3048,0
77,510,57,920,4722,1
72,422,51,966,4917,1
77,751,78,685,3616,1
63,997,93,303,1627,0
49,10,20,765,3341,1
60,742,84,681,3678,0
74,844,97,522,2968,1
71,709,98,678,3872,1
77,996,92,307,1632,0
44,681,96,709,4028,0
75,737,69,719,3706,1
76,10,1,10,10,1
10,781,98,599,3423,0
73,630,92,767,4279,1
27,10,1,10,10,1
25,569,99,793,4531,0
18,926,85,439,2287,0
9,961,95,356,1972,0
18,727,75,718,3769,0
13,912,93,438,2415,0
73,804,75,631,3266,1
23,417,42,975,4923,1
77,312,48,990,5000,1
42,894,83,491,2567,0
39,338,46,989,4996,1
68,643,68,810,4216,1
20,10,1,10,10,1
47,838,90,549,3015,0
69,881,90,492,2672,1
11,827,89,565,3093,0
5,552,56,897,4590,1
57,693,73,757,3964,1
45,681,70,774,4028,0
18,869,89,510,2771,0
65,928,95,408,2276,1
75,658,73,787,4142,1
21,497,56,927,4757,1
69,638,98,743,4243,1
22,767,97,618,3516,0
30,10,1,10,10,1
67,661,99,721,4131,1
19,624,86,786,4305,0
5,575,58,879,4509,0
66,778,75,660,3441,1
79,947,95,380,2100,0
30,672,89,738,4073,1
23,879,92,489,2689,0
33,948,88,397,2093,0
60,10,1,10,10,1
44,10,1,10,10,1
78,10,1,10,10,1
40,672,89,738,4072,0
23,10,1,10,10,1
14,810,86,596,3220,0
13,737,92,665,3710,0
32,500,64,915,4750,1
70,733,96,657,3731,1
76,999,92,301,1606,0
73,616,96,765,4342,1
42,898,89,468,2529,0
40,10,1,10,10,1
29,575,58,879,4509,1
69,802,91,592,3280,1
74,665,80,766,4107,1
51,894,83,491,2568,0
62,727,80,706,3764,0
52,10,37,814,3678,1
76,709,98,678,3871,1
48,600,60,857,4410,0
58,767,80,663,3516,1
15,883,96,471,2660,0
10,690,80,744,3980,0
71,832,83,574,3057,0
51,193,38,989,4894,1
29,963,88,373,1951,0
25,709,98,678,3871,0
8,699,85,724,3931,0
9,770,79,662,3499,0
49,720,98,666,3809,0
20,847,87,545,2948,0
66,816,96,562,3179,0
77,670,81,761,4086,1
44,829,85,574,3084,0
66,780,96,604,3427,1
55,858,91,521,2861,0
60,912,93,438,2414,0
33,10,1,10,10,1
59,841,94,535,2994,0
76,771,94,623,3492,0
65,675,70,778,4057,1
46,793,85,619,3340,0
35,727,88,685,3766,0
38,10,30,875,4069,1
65,282,46,993,4993,1
78,587,63,863,4463,1
68,283,43,996,4993,1
10,716,74,732,3833,0
48,827,76,598,3095,0
15,652,68,802,4173,1
72,668,88,745,4092,1
9,770,85,648,3498,0
10,282,46,993,4993,1
74,134,35,974,4765,1
33,286,62,973,4995,1
16,10,1,10,10,1
71,746,85,673,3649,0
60,10,1,10,10,1
47,10,23,749,3233,1
17,620,100,752,4324,0
25,747,80,684,3642,0
39,961,95,357,1975,0
15,947,95,380,2100,0
44,396,41,982,4952,1
52,10,1,10,10,1
44,10,27,853,3918,1
79,924,94,417,2307,1
28,10,1,10,10,1
62,495,56,928,4763,1
44,743,88,668,3667,0
15,651,72,797,4179,0
74,10,5,342,663,1
58,617,67,832,4335,1
46,978,95,329,1805,0
50,783,93,610,3407,1
54,661,99,721,4131,1
39,894,83,491,2567,0
19,925,86,437,2294,0
11,663,69,791,4122,0
37,716,94,680,3831,0
57,975,90,347,1833,0
73,527,58,909,4671,1
78,605,99,764,4390,1
28,563,61,883,4554,1
35,756,79,677,3588,0
75,569,100,789,4532,1
64,988,95,313,1711,0
74,372,48,982,4975,1
77,662,67,796,4124,1
78,435,51,960,4894,1
24,581,100,780,4485,0
37,756,72,691,3590,1
47,832,83,575,3060,1
38,10,1,10,10,1
16,643,64,817,4216,0
8,10,1,10,10,1
64,682,83,744,4023,1
79,838,79,578,3013,0
32,644,98,737,4215,1
74,802,91,592,3280,1
10,595,100,771,4431,0
50,768,98,613,3509,0
55,949,95,375,2079,0
53,10,1,10,10,1
67,631,97,750,4273,1
29,833,85,569,3048,0
63,654,90,752,4165,1
6,10,1,10,10,1
19,706,94,692,3889,0
9,593,63,858,4439,0
53,656,72,792,4154,1
48,913,95,431,2401,0
31,10,1,10,10,1
75,818,93,567,3166,1
42,625,69,823,4301,1
52,970,93,348,1887,0
56,707,84,718,3883,1
63,790,82,631,3362,0
68,907,83,472,2455,0
58,832,83,574,3057,0
17,862,96,502,2830,0
56,646,68,808,4202,1
70,581,100,780,4485,1
50,606,64,846,4383,1
58,500,56,926,4750,1
47,633,96,753,4268,0
57,718,81,715,3823,1
38,895,96,453,2556,0
62,10,1,10,10,1
27,988,95,314,1716,0
66,781,82,640,3419,1
64,811,97,565,3216,0
31,875,80,524,2720,0
21,326,54,982,4999,1
11,315,45,993,5000,1
13,679,72,771,4038,0
77,10,26,772,3380,1
48,158,36,981,4822,1
27,921,93,425,2332,0
60,10,3,10,10,1
48,921,93,425,2332,0
49,597,60,860,4421,0
38,660,67,797,4133,1
60,10,23,428,1155,1
57,10,1,10,10,1
9,667,72,781,4097,0
34,23,42,916,4383,1
21,772,79,658,3480,0
13,283,43,996,4993,1
51,10,31,841,3843,1
68,333,46,990,4998,1
28,719,90,689,3812,0
34,10,1,10,10,1
35,744,98,641,3666,0
17,617,72,825,4338,0
64,716,74,732,3833,1
59,841,86,556,2993,1
41,698,92,704,3935,1
67,780,96,604,3427,1
7,943,93,391,2141,0
19,988,95,313,1711,0
23,10,1,10,10,1
35,653,74,791,4171,1
74,654,90,752,4164,1
33,362,48,983,4983,1
50,645,73,798,4207,0
56,622,97,759,4316,1
58,10,1,10,10,1
45,10,1,10,10,1
73,10,9,605,2330,1
5,697,97,691,3938,0
5,920,85,448,2343,0
33,802,83,614,3279,0
26,566,61,880,4540,1
9,805,90,593,3256,0
67,527,58,909,4671,1
60,751,78,685,3616,1
11,263,61,974,4982,1
39,333,46,990,4998,1
68,10,1,10,10,1
12,973,89,355,1857,0
58,961,95,356,1971,0
66,734,74,711,3727,1
33,884,96,471,2651,0
12,10,1,10,10,1
11,961,95,356,1971,0
54,712,83,715,3855,1
55,922,93,423,2324,0
12,707,73,741,3881,0
44,10,1,10,10,1
77,609,61,849,4370,1
29,705,87,711,3897,0
68,862,96,502,2830,1
70,876,91,497,2718,0
45,789,75,646,3365,1
72,10,37,819,3711,1
72,10,1,10,10,1
50,633,96,753,4267,1
53,799,94,588,3301,0
46,908,93,444,2444,0
19,847,97,519,2945,0
74,666,95,727,4105,1
8,606,93,782,4386,0
44,889,82,501,2609,0
19,10,1,10,10,1
31,10,1,10,10,1
76,309,44,993,5000,1
57,697,97,691,3939,1
55,500,56,926,4750,1
25,994,93,309,1655,0
5,559,59,888,4566,1
43,962,88,375,1958,0
52,716,94,680,3831,0
14,569,99,793,4531,0
29,590,58,868,4451,0
21,160,36,982,4827,1
15,948,95,377,2087,0
63,948,95,379,2095,0
54,737,76,704,3703,1
59,934,91,409,2215,0
26,700,78,738,3921,1
76,975,94,338,1842,0
22,879,96,478,2692,0
29,857,97,505,2867,0
22,695,80,738,3953,1
42,223,51,984,4940,1
53,988,95,314,1716,0
48,908,83,471,2451,0
30,288,44,995,4995,1
27,361,46,985,4984,1
13,767,80,663,3516,0
48,649,98,733,4189,1
62,709,98,678,3871,1
56,593,63,858,4438,1
27,970,93,348,1887,0
76,414,51,968,4928,1
13,650,71,798,4183,0
59,905,88,461,2476,0
77,853,93,520,2898,1
50,756,72,691,3590,1
19,916,96,424,2378,0
70,634,67,820,4262,1
57,919,88,440,2348,0
53,10,1,10,10,1
72,649,98,733,4190,1
49,194,55,974,4895,1
45,264,61,974,4982,1
38,950,95,373,2072,0
63,891,95,462,2590,1
54,827,96,547,3095,1
77,658,73,787,4142,1
22,372,48,982,4976,1
14,10,1,10,10,1
20,527,58,909,4671,1
79,843,78,573,2972,0
61,667,76,774,4100,1
48,589,94,792,4456,0
25,159,36,981,4825,1
14,10,1,10,10,1
14,716,94,680,3830,0
49,493,56,929,4768,1
27,453,47,958,4861,1
7,912,93,438,2414,0
14,894,83,491,2568,0
17,827,96,547,3095,0
26,748,98,635,3640,0
22,780,96,604,3427,0
19,736,98,647,3711,0
65,988,95,313,1711,0
62,979,95,327,1799,0
47,721,81,711,3804,0
45,741,72,708,3680,1
9,316,49,989,5000,1
71,697,98,689,3940,1
63,692,92,711,3967,1
58,566,61,880,4540,1
17,569,60,879,4529,0
59,724,81,706,3782,1
45,453,47,958,4861,1
22,668,88,745,4092,1
39,10,1,10,10,1
44,943,93,391,2141,0
28,731,86,688,3744,0
32,736,98,647,3712,0
46,160,36,982,4827,1
29,670,81,761,4086,0
31,829,77,593,3079,0
28,801,84,613,3287,0
14,697,98,689,3940,0
49,950,95,373,2071,0
60,462,53,947,4842,1
7,644,69,808,4214,0
12,612,60,849,4356,0
54,679,78,758,4035,1
64,772,79,658,3480,1
17,10,1,10,10,1
79,788,94,602,3373,0
22,906,83,472,2461,0
42,679,78,758,4035,1
7,10,1,10,10,1
75,827,79,592,3099,0
51,670,71,781,4085,1
45,351,47,986,4990,1
70,961,95,357,1975,0
23,10,27,712,2987,1
46,707,73,741,3881,1
38,750,85,670,3628,1
22,372,48,981,4975,1
79,748,80,684,3640,1
60,10,1,10,10,1
22,680,96,711,4034,0
41,819,94,564,3153,0
68,920,85,448,2343,1
77,10,1,10,10,1
54,563,61,883,4554,1
50,313,38,997,5000,1
67,731,98,653,3743,1
32,644,68,810,4214,1
72,605,64,848,4389,1
50,574,98,790,4512,1
77,792,91,606,3349,1
78,876,94,488,2715,0
5,878,85,509,2697,0
34,10,11,10,10,1
36,948,95,377,2088,0
27,329,54,982,4999,1
28,882,93,481,2666,0
50,433,51,961,4899,1
61,985,91,328,1746,0
24,706,74,742,3890,0
25,655,94,740,4158,1
7,734,73,714,3725,0
17,88,25,957,4630,1
23,428,52,962,4907,1
52,836,85,564,3028,1
28,887,91,478,2621,0
25,226,40,994,4944,1
35,756,73,690,3584,0
28,257,41,996,4976,1
56,569,54,888,4532,1
61,649,99,729,4189,1
47,940,86,414,2164,0
67,508,57,920,4728,1
57,712,83,715,3855,1
29,10,37,819,3711,1
66,736,98,647,3711,0
10,590,94,791,4451,1
48,855,85,540,2884,0
52,641,92,758,4229,1
65,215,39,992,4929,1
66,908,93,444,2443,0
7,10,1,10,10,1
6,10,1,10,10,1
63,600,60,857,4410,1
66,757,81,671,3579,1
31,879,89,497,2694,0
16,975,94,338,1842,0
9,10,39,587,2202,1
17,973,89,355,1858,0
55,572,62,875,4518,1
66,958,95,362,1994,0
13,270,42,996,4986,1
12,627,99,746,4291,0
49,690,80,744,3979,1
74,653,68,802,4170,1
46,649,99,729,4189,0
42,829,76,594,3077,0
28,626,68,824,4297,1
33,10,1,10,10,1
8,853,89,533,2901,0
79,721,74,725,3803,1
63,768,98,613,3509,0
28,772,79,658,3480,0
13,627,86,785,4293,0
63,951,87,396,2067,0
29,666,81,763,4105,0
22,493,56,929,4768,1
30,686,91,721,4001,0
48,679,96,711,4036,1
28,697,86,723,3941,1
47,494,56,929,4767,1
71,10,1,10,10,1
9,615,59,848,4344,0
32,570,100,788,4530,1
20,926,94,415,2292,0
49,950,95,373,2071,0
60,718,81,715,3823,1
79,590,94,791,4451,1
73,987,94,316,1725,0
56,419,50,967,4920,1
54,10,1,10,10,1
61,570,100,788,4529,1
37,10,1,10,10,1
30,668,81,762,4094,1
59,217,60,972,4932,1
11,632,67,822,4267,0
53,10,1,10,10,1
63,741,92,661,3684,0
26,804,75,631,3266,0
26,652,71,797,4173,0
69,713,68,745,3851,1
11,742,84,681,3678,0
47,973,89,353,1856,0
13,767,80,662,3515,0
12,456,53,950,4854,1
13,457,54,949,4852,1
18,444,53,955,4878,1
72,881,96,473,2674,0
60,683,71,769,4018,1
31,676,89,734,4053,0
55,667,76,774,4100,1
54,894,96,456,2570,0
5,981,93,329,1778,0
26,10,1,10,10,1
13,876,91,497,2718,0
34,434,52,960,4897,1
73,710,88,704,3865,1
50,10,27,779,3429,1
33,780,96,604,3427,0
68,982,89,338,1774,0
43,695,72,755,3951,1
38,670,81,761,4086,0
17,717,81,715,3824,0
17,591,99,776,4448,0
73,888,91,478,2620,1
65,790,82,631,3362,0
77,586,63,863,4463,1
26,894,82,494,2570,0
50,756,73,690,3584,0
60,731,75,712,3745,1
75,479,58,934,4803,1
50,676,82,752,4052,1
19,844,97,522,2968,0
70,593,63,858,4438,1
24,960,95,359,1984,0
19,767,80,662,3515,0
18,10,26,772,3380,1
25,350,47,986,4990,1
20,831,92,555,3070,0
66,771,82,654,3489,1
72,261,42,995,4979,1
40,626,97,754,4296,1
58,947,88,398,2096,0
23,555,60,888,4579,1
57,616,96,765,4341,1
48,780,74,661,3428,0
45,720,98,666,3809,0
45,498,64,916,4755,1
36,896,96,454,2550,0
72,267,42,996,4984,1
69,661,99,720,4130,1
57,948,95,379,2095,0
78,670,81,760,4086,1
48,771,82,654,3489,0
52,695,73,753,3949,0
42,265,42,996,4983,1
41,985,91,328,1746,0
15,881,96,473,2674,0
32,10,1,10,10,1
37,699,85,724,3931,1
62,329,54,982,4999,1
65,10,1,10,10,1
45,10,1,10,10,1
23,673,96,718,4071,0
14,594,99,773,4433,1
39,203,38,991,4910,1
27,10,1,10,10,1
10,889,82,501,2609,0
32,894,82,493,2565,0
78,10,33,640,2526,1
72,357,46,986,4987,1
33,619,97,762,4329,0
74,829,85,574,3084,1
65,850,96,519,2924,0
59,672,88,741,4073,1
77,588,99,778,4459,1
19,372,48,982,4976,1
32,622,97,759,4314,0
5,648,73,797,4196,0
10,712,83,715,3856,0
27,10,47,810,3699,1
62,589,94,792,4455,1
18,660,86,756,4134,0
53,10,1,10,10,1
18,626,97,754,4296,0
39,799,94,588,3302,0
13,600,60,857,4410,0
72,652,94,741,4176,1
26,10,1,10,10,1
67,948,89,393,2089,0
53,509,57,921,4724,1
70,638,98,743,4244,1
56,633,96,753,4267,1
75,10,1,10,10,1
67,615,59,848,4344,1
6,583,63,866,4477,0
43,10,1,10,10,1
69,555,69,874,4581,1
8,10,1,10,10,1
29,736,98,647,3711,0
16,10,30,875,4069,1
76,698,92,704,3934,1
69,889,82,501,2609,0
33,710,76,734,3869,0
78,372,48,981,4975,1
22,699,85,724,3931,0
15,979,95,328,1800,0
40,958,95,362,1994,0
43,627,97,754,4295,0
50,341,46,989,4995,1
31,887,91,478,2621,0
48,532,59,905,4656,1
22,679,78,758,4035,1
78,309,44,993,5000,1
46,640,99,736,4232,0
51,217,60,972,4931,1
51,731,98,653,3743,0
67,10,1,10,10,1
28,444,53,955,4878,1
33,27,42,919,4404,1
51,801,84,613,3287,0
27,887,93,475,2623,0
6,823,97,549,3127,0
7,698,92,704,3934,0
67,711,66,750,3859,0
67,485,47,944,4788,1
77,717,81,715,3824,1
42,206,46,986,4915,1
76,821,87,580,3142,1
55,363,47,984,4983,1
73,847,79,565,2943,0
40,882,93,481,2666,0
45,881,96,473,2674,0
73,765,80,665,3531,0
71,812,85,597,3207,1
78,960,95,359,1983,1
60,960,95,359,1983,0
69,158,36,981,4823,1
68,727,80,706,3764,1
37,555,69,874,4581,1
20,710,88,704,3865,0
14,694,77,746,3957,0
14,10,1,10,10,1
61,668,81,762,4094,1
51,872,90,505,2748,0
8,847,87,545,2948,0
16,727,69,728,3765,0
19,862,96,502,2830,0
72,666,80,765,4104,1
40,707,73,741,3881,0
71,10,1,10,10,1
6,590,98,780,4451,0
69,913,95,431,2401,0
46,591,64,859,4445,1
8,556,60,888,4576,1
37,683,71,769,4016,1
76,10,29,723,3063,1
58,684,75,761,4009,1
78,638,98,743,4243,1
25,717,89,694,3829,0
5,10,10,10,10,1
50,733,96,658,3732,0
47,943,93,391,2141,0
47,687,68,771,3992,0
64,833,85,569,3048,1
78,661,86,755,4131,1
24,37,53,915,4444,1
64,10,1,10,10,1
76,10,1,10,10,1
68,815,77,611,3181,0
67,717,69,738,3823,0
20,985,91,328,1745,0
33,817,96,559,3167,0
39,930,96,404,2257,0
16,10,1,10,10,1
52,10,1,10,10,1
73,775,88,633,3463,1
24,492,55,931,4772,1
18,700,78,739,3923,0
14,926,94,415,2292,0
26,585,99,780,4470,1
9,748,98,635,3639,0
66,930,85,432,2253,0
76,982,89,338,1774,0
69,421,51,965,4918,1
10,973,89,353,1857,0
51,929,96,404,2261,0
35,973,89,355,1858,0
61,638,98,743,4244,1
62,675,70,778,4057,1
36,645,65,815,4209,0
37,970,93,349,1888,0
23,730,69,727,3751,0
59,697,86,723,3941,1
60,10,1,10,10,1
33,204,38,991,4911,1
77,699,76,744,3929,1
10,499,56,927,4752,1
46,577,98,788,4501,1
6,613,96,768,4355,0
56,765,80,665,3531,0
33,727,88,685,3766,0
34,384,48,979,4964,1
35,672,89,738,4072,0
39,759,70,691,3564,0
69,10,31,880,4103,1
42,10,1,10,10,1
14,10,1,10,10,1
13,10,1,10,10,1
64,572,62,875,4518,1
18,851,94,522,2915,0
73,390,49,977,4958,1
79,10,1,10,10,1
58,743,72,707,3671,1
77,10,1,10,10,1
48,10,1,10,10,1
9,605,99,764,4390,0
11,154,36,980,4813,1
5,761,84,660,3558,0
69,493,56,929,4768,1
55,675,70,778,4056,1
61,687,77,752,3994,1
28,666,80,765,4104,1
41,597,94,787,4420,1
70,727,69,728,3765,1
7,996,93,305,1636,0
18,676,89,734,4053,0
53,656,72,792,4154,1
35,766,88,644,3521,0
54,10,1,10,10,1
52,594,94,789,4433,1
25,782,82,639,3418,0
45,818,96,559,3167,0
69,926,94,415,2292,0
20,627,97,754,4295,0
79,310,42,995,5000,1
43,594,99,773,4433,1
41,10,1,10,10,1
8,790,82,631,3362,0
65,799,94,588,3302,1
12,509,57,921,4724,1
54,486,55,934,4787,1
44,682,78,756,4022,0
69,790,82,631,3362,0
45,879,85,508,2694,0
51,880,89,495,2685,0
28,599,99,770,4416,0
58,783,85,633,3409,1
33,757,97,629,3584,0
79,611,99,760,4365,1
40,908,93,444,2443,0
28,879,84,510,2688,0
51,635,70,815,4257,1
42,958,95,362,1994,0
46,10,33,646,2571,1
11,815,77,612,3187,0
12,739,78,699,3695,0
60,457,53,950,4852,1
40,928,95,408,2276,0
22,27,42,919,4404,1
54,10,1,10,10,1
56,882,93,481,2666,0
69,10,39,583,2174,1
36,10,1,10,10,1
52,710,66,751,3868,1
58,575,58,879,4509,1
9,571,55,885,4522,0
62,662,87,753,4126,1
79,883,96,471,2660,0
41,202,39,990,4908,1
38,820,91,570,3149,0
49,638,67,816,4241,1
40,669,97,718,4087,0
35,924,94,417,2306,0
18,741,72,708,3680,0
60,10,1,10,10,1
5,792,77,640,3346,0
73,700,99,684,3926,1
32,10,1,10,10,1
53,962,91,366,1965,0
76,570,100,788,4529,1
56,177,37,986,4864,1
39,743,88,668,3667,0
20,711,99,673,3863,0
16,644,69,808,4214,0
33,158,36,981,4823,1
5,623,68,827,4309,0
57,646,68,808,4201,1
9,969,88,362,1891,0
43,981,93,329,1779,0
20,666,95,727,4105,0
38,177,37,986,4863,1
70,988,95,313,1711,0
73,716,74,732,3833,1
32,681,96,709,4028,0
22,802,83,614,3279,0
73,288,44,995,4995,1
9,10,1,10,10,1
72,977,94,332,1818,0
40,632,67,822,4267,1
55,10,1,10,10,1
13,883,96,471,2660,0
57,961,95,356,1972,0
27,619,87,789,4327,0
71,417,42,975,4923,1
36,333,46,990,4998,1
19,10,31,880,4103,1
65,973,88,355,1858,0
51,847,87,545,2948,0
18,789,75,646,3365,0
45,963,88,373,1951,0
9,675,77,763,4057,0
43,746,97,641,3649,0
5,263,61,974,4982,1
5,540,53,907,4630,0
55,970,93,349,1888,0
28,705,87,711,3897,0
67,757,70,693,3579,0
5,759,74,684,3565,0
9,630,92,767,4277,0
40,812,85,597,3207,0
56,333,46,990,4998,1
74,997,93,303,1627,0
46,862,96,502,2830,0
65,10,1,10,10,1
14,606,64,846,4382,1
48,547,52,904,4608,1
79,767,80,662,3515,1
58,597,94,787,4422,1
71,10,1,10,10,1
30,341,46,989,4995,1
25,363,47,984,4983,1
32,992,91,316,1677,0
37,858,91,521,2861,0
36,594,94,789,4434,0
8,894,83,491,2568,0
51,985,91,328,1745,0
55,10,1,10,10,1
5,921,93,425,2332,0
46,725,75,720,3781,0
60,638,68,814,4239,1
18,796,83,621,3319,0
36,206,46,986,4915,1
75,652,94,741,4175,1
26,293,44,995,4997,1
35,804,97,574,3263,0
9,973,89,353,1856,0
33,891,95,462,2589,0
75,608,65,844,4375,1
16,730,69,727,3751,0
13,532,59,905,4656,1
60,142,57,958,4786,1
77,644,68,810,4214,1
53,480,55,937,4801,1
74,10,1,10,10,1
73,894,96,456,2570,0
77,891,95,462,2590,1
78,870,90,506,2763,0
76,988,95,314,1716,0
62,908,83,471,2451,0
9,626,69,822,4295,0
18,744,98,641,3666,0
5,597,60,860,4421,0
69,694,77,746,3958,1
6,638,68,814,4239,0
74,342,46,989,4994,1
19,10,1,10,10,1
32,875,80,524,2720,0
72,907,83,472,2455,0
53,987,94,316,1725,0
69,892,84,492,2581,0
51,588,99,778,4459,1
23,372,48,981,4975,1
42,10,1,10,10,1
12,924,94,417,2306,0
5,10,1,10,10,1
65,710,98,676,3867,0
18,801,84,613,3287,0
79,270,42,996,4986,1
68,859,81,545,2853,0
20,492,55,931,4772,1
9,10,1,10,10,1
67,570,99,792,4527,1
53,772,79,658,3480,0
42,896,96,454,2550,0
58,812,85,597,3208,1
13,664,76,777,4115,0
10,811,97,565,3216,0
45,329,54,982,4999,1
26,575,62,872,4506,1
22,683,71,769,4016,0
30,697,97,691,3939,1
61,891,95,462,2589,0
15,793,85,619,3340,0
49,737,76,704,3703,1
14,590,94,791,4452,0
49,773,92,625,3474,1
56,205,39,991,4913,1
39,706,94,692,3889,0
24,859,84,537,2850,0
28,321,57,979,5000,1
65,948,95,379,2095,0
52,733,96,657,3731,1
68,638,98,743,4244,1
79,930,96,404,2257,1
17,597,60,860,4421,0
79,731,86,688,3744,1
12,486,55,934,4786,1
75,662,94,733,4126,1
26,828,76,596,3088,0
79,682,83,743,4023,1
59,950,87,397,2069,0
67,268,36,999,4984,1
7,909,92,444,2437,0
35,921,87,442,2337,0
9,677,75,767,4047,0
52,713,74,734,3846,1
67,211,47,986,4922,1
30,508,57,920,4728,1
30,881,90,492,2672,0
14,720,98,666,3809,0
43,766,88,644,3521,0
36,396,41,982,4952,1
47,264,61,974,4982,1
58,586,99,779,4465,1
79,962,88,374,1964,0
58,683,99,699,4016,1
10,634,85,781,4258,0
62,270,42,996,4986,1
67,709,98,678,3872,1
43,843,78,574,2979,0
54,638,67,816,4241,1
30,670,97,718,4087,0
58,10,1,10,10,1
44,848,89,538,2938,0
79,10,30,875,4069,1
18,699,85,724,3931,0
48,10,1,10,10,1
27,888,91,478,2620,0
22,540,53,907,4630,0
72,850,96,519,2924,0
62,682,72,768,4020,1
17,766,95,624,3520,0
32,286,62,973,4995,1
69,733,96,659,3733,1
45,733,74,712,3730,1
27,793,85,619,3340,0
26,700,78,738,3921,1
7,281,43,995,4992,1
59,268,42,996,4984,1
79,215,39,992,4928,1
59,829,85,574,3084,0
41,805,94,581,3258,0
25,818,93,567,3166,0
42,10,31,847,3880,1
26,920,85,448,2343,0
78,979,95,327,1799,0
37,282,43,996,4992,1
67,504,52,930,4740,1
75,338,46,989,4996,1
23,10,1,10,10,1
73,731,75,712,3745,1
49,661,99,721,4131,1
67,724,67,734,3783,1
51,905,88,461,2476,0
17,710,98,676,3867,0
41,575,100,784,4509,1
26,881,82,511,2677,0
55,891,82,498,2591,0
30,748,80,684,3640,0
66,663,69,790,4120,1
19,634,85,781,4258,0
38,926,86,436,2291,0
13,743,88,668,3667,0
27,10,1,10,10,1
72,813,77,613,3200,1
21,988,95,313,1712,0
32,594,94,789,4434,0
14,963,88,373,1949,0
23,590,99,776,4450,1
20,884,90,486,2649,0
22,709,98,678,3872,0
24,597,94,787,4420,1
72,780,74,661,3428,0
12,731,76,712,3742,0
37,704,95,691,3900,0
9,623,68,827,4309,0
36,973,88,355,1858,0
79,341,46,989,4995,1
53,10,1,10,10,1
28,605,64,848,4389,1
16,10,27,712,2987,1
39,683,99,699,4016,1
59,940,86,413,2161,0
35,663,87,752,4118,1
52,594,94,789,4434,1
72,847,79,565,2943,0
9,634,85,781,4258,0
47,588,64,861,4458,1
29,510,58,918,4723,1
7,643,92,755,4216,0
53,641,92,758,4229,1
40,596,60,861,4424,0
39,682,83,743,4023,1
19,10,1,10,10,1
14,487,55,934,4784,1
12,806,98,569,3249,0
60,620,87,789,4323,1
50,527,58,909,4674,1
37,975,94,338,1843,0
64,739,81,692,3695,1
77,940,86,414,2164,0
32,724,67,734,3783,1
26,792,81,630,3345,0
33,244,40,996,4964,1
76,281,43,995,4992,1
77,679,70,775,4036,1
24,891,95,462,2590,0
45,561,61,883,4557,1
20,733,74,712,3730,0
47,745,93,655,3660,1
20,770,85,648,3499,0
68,614,96,767,4351,1
79,498,64,916,4755,1
46,638,68,814,4239,1
31,10,1,10,10,1
60,681,87,734,4028,1
78,644,98,737,4215,1
72,842,96,527,2984,0
30,205,39,991,4913,1
57,881,96,473,2674,0
44,799,94,588,3302,1
31,572,58,881,4520,1
7,497,56,928,4757,1
54,605,99,764,4389,1
54,321,57,979,5000,1
70,727,75,718,3768,1
60,535,63,897,4648,1
77,737,76,704,3703,1
44,879,92,489,2689,0
74,990,92,316,1690,0
13,681,96,709,4028,0
72,281,43,995,4992,1
45,933,85,428,2230,0
35,572,62,875,4519,1
9,616,66,835,4340,1
49,880,89,495,2686,0
28,879,84,510,2688,0
67,697,97,691,3938,1
55,691,67,768,3974,1
10,681,70,774,4028,0
21,766,88,644,3521,0
14,35,23,929,4434,1
35,670,81,761,4086,0
15,784,87,624,3400,0
37,711,66,750,3859,0
6,793,77,639,3341,0
41,843,78,574,2979,0
71,572,62,875,4518,1
53,949,95,375,2079,0
10,10,5,342,663,1
79,707,77,734,3883,1
30,683,99,699,4016,1
42,658,75,785,4146,1
56,624,96,759,4307,0
76,929,96,404,2261,1
14,930,85,433,2257,0
57,611,66,840,4364,1
25,615,59,848,4344,0
58,918,92,433,2364,0
73,10,1,10,10,1
76,10,1,10,10,1
9,743,88,668,3667,0
52,421,51,965,4918,1
63,633,67,821,4265,1
26,850,92,528,2923,0
39,492,55,931,4772,1
11,412,51,968,4930,1
53,10,1,10,10,1
35,847,90,538,2949,0
45,444,53,955,4878,1
53,281,43,995,4992,1
70,10,39,583,2174,1
17,456,53,950,4854,1
21,674,82,755,4066,0
57,10,1,10,10,1
30,594,94,789,4433,1
49,973,89,353,1856,0
54,321,57,979,5000,1
65,10,1,10,10,1
54,818,93,567,3166,1
21,674,82,755,4066,0
79,644,68,810,4214,1
11,556,60,888,4576,1
70,372,48,981,4975,1
35,682,72,768,4020,0
14,665,80,766,4107,0
25,880,89,495,2686,0
71,373,48,981,4975,1
50,10,47,808,3685,1
11,876,91,497,2718,0
38,10,1,10,10,1
50,793,77,639,3341,0
51,10,9,605,2330,1
8,947,88,398,2096,0
46,802,91,592,3280,0
45,10,1,10,10,1
74,778,75,660,3441,1
38,695,80,739,3953,0
14,640,92,759,4231,0
67,759,74,684,3565,0
46,929,96,404,2261,0
67,570,100,788,4529,1
40,10,1,10,10,1
71,806,98,569,3249,1
29,660,95,732,4134,1
23,891,82,498,2591,0
34,614,99,758,4349,1
11,10,1,10,10,1
69,748,98,635,3639,1
59,286,62,973,4995,1
78,675,77,763,4057,1
75,996,93,305,1636,0
23,624,86,786,4305,0
64,930,96,404,2257,0
33,693,73,757,3964,1
23,751,89,658,3618,0
21,859,81,545,2853,0
61,664,87,752,4117,1
19,672,88,741,4074,0
49,879,89,497,2694,0
77,975,92,342,1839,1
43,926,85,440,2290,0
16,457,54,949,4852,1
61,739,69,717,3696,1
79,645,65,815,4209,1
24,727,80,707,3765,0
67,757,97,629,3584,1
35,10,1,10,10,1
16,656,74,787,4157,0
58,569,100,789,4533,1
51,662,69,792,4125,1
74,783,85,633,3409,1
78,689,67,770,3985,1
36,878,85,509,2697,0
63,602,97,774,4403,1
73,880,89,495,2685,1
65,770,85,648,3498,1
68,990,92,316,1690,0
49,739,81,692,3695,1
29,684,75,760,4008,0
8,781,96,603,3421,0
51,282,46,993,4993,1
54,606,93,782,4384,1
54,727,75,718,3768,1
9,727,80,706,3764,0
38,879,84,510,2688,0
30,884,90,486,2650,0
18,622,68,828,4313,1
30,805,90,593,3256,0
37,924,93,419,2310,0
5,831,92,555,3070,0
16,780,80,646,3429,0
35,884,95,475,2653,0
7,624,96,759,4307,0
24,599,99,770,4416,0
30,10,1,10,10,1
25,662,94,733,4127,0
10,717,74,731,3827,0
54,717,81,715,3824,0
43,644,98,737,4213,0
14,677,99,706,4051,0
64,788,94,602,3373,0
53,961,95,356,1971,0
21,545,60,896,4616,1
68,900,83,481,2514,0
49,857,79,552,2864,0
52,498,56,927,4755,1
31,10,1,10,10,1
5,457,54,949,4852,1
11,653,99,728,4170,0
79,353,61,969,4989,1
30,770,79,662,3499,0
49,979,95,327,1799,0
64,358,48,984,4986,1
48,656,74,787,4157,1
63,802,82,616,3278,0
63,987,94,316,1725,0
61,338,46,989,4996,1
56,684,92,718,4013,1
42,510,57,920,4722,1
73,891,92,470,2591,1
28,724,67,734,3783,1
50,592,64,858,4442,1
34,790,88,616,3360,0
66,799,94,588,3301,1
56,412,51,968,4930,1
62,847,88,545,2948,1
75,999,92,301,1606,0
48,599,99,770,4416,1
50,649,99,729,4189,1
60,940,86,413,2161,0
13,859,81,544,2850,0
65,565,61,880,4544,1
25,651,68,803,4179,0
79,586,100,777,4468,1
65,929,96,404,2261,0
18,642,75,798,4221,0
40,675,73,773,4059,1
19,997,93,303,1627,0
59,656,74,787,4157,1
37,664,87,752,4117,0
27,10,24,538,1863,1
66,10,5,342,663,1
36,905,88,461,2476,0
24,667,72,781,4097,0
27,10,23,439,1227,1
73,804,75,631,3266,1
25,264,61,974,4982,1
47,750,85,670,3628,1
35,827,89,565,3093,0
44,988,95,313,1711,0
37,880,89,495,2685,0
40,851,94,522,2915,0
24,211,47,986,4922,1
46,540,51,910,4632,1
31,486,55,934,4786,1
29,681,87,734,4028,0
37,652,94,744,4176,0
25,684,92,718,4013,0
51,695,72,755,3951,1
10,622,97,759,4314,0
22,734,73,714,3725,1
31,848,89,538,2938,0
7,10,1,10,10,1
12,585,98,784,4471,0
7,10,11,10,10,1
54,10,1,10,10,1
50,815,77,612,3187,1
17,10,1,10,10,1
67,534,59,904,4650,1
51,921,87,442,2337,0
31,333,46,990,4998,1
20,453,47,958,4861,0
76,634,85,781,4258,1
64,500,56,926,4750,1
46,507,57,922,4730,1
21,962,91,366,1965,0
50,843,78,574,2979,0
10,640,99,736,4232,0
6,956,87,386,2019,0
60,10,16,10,10,1
13,622,97,759,4314,0
18,666,80,766,4107,0
59,617,72,825,4338,1
31,895,96,453,2556,0
21,686,91,721,4001,0
72,595,100,771,4430,1
27,884,90,486,2650,0
64,739,81,693,3697,1
33,841,94,535,2994,0
11,670,81,760,4086,0
59,928,95,410,2275,0
57,627,86,785,4293,1
72,812,85,597,3207,1
66,691,67,768,3974,1
50,894,83,491,2568,0
52,792,77,640,3346,0
42,351,47,986,4990,1
56,10,1,10,10,1
55,710,76,734,3869,1
7,532,59,905,4656,1
45,606,64,846,4383,1
18,10,23,439,1227,1
38,480,55,937,4801,1
17,912,93,438,2415,0
60,614,96,767,4351,1
19,10,16,10,10,1
78,661,62,805,4132,1
50,480,55,937,4801,1
19,675,77,763,4056,0
41,10,1,10,10,1
56,10,1,10,10,1
68,786,98,594,3391,1
58,746,85,673,3649,0
79,510,58,918,4723,1
77,675,70,778,4056,1
49,639,75,799,4237,0
74,950,93,380,2069,1
37,929,95,406,2263,0
35,774,88,634,3469,0
42,894,82,493,2565,0
68,504,52,930,4740,1
74,556,69,873,4577,1
32,876,91,497,2718,0
30,806,98,569,3249,0
78,644,69,808,4214,1
42,705,87,711,3897,0
36,10,1,10,10,1
24,615,66,836,4343,1
62,312,48,990,5000,1
26,519,58,914,4697,1
69,981,93,329,1779,0
8,924,93,419,2310,0
64,649,98,733,4189,1
12,663,87,752,4118,0
27,627,97,754,4295,0
15,907,83,472,2455,0
35,565,61,880,4544,1
27,786,98,594,3392,0
55,653,74,791,4171,1
54,773,92,625,3474,1
34,985,94,321,1744,0
43,211,47,986,4922,1
12,727,69,728,3765,0
15,949,95,375,2079,0
21,10,1,10,10,1
14,784,87,624,3400,0
62,191,55,974,4891,1
5,622,99,752,4313,0
79,485,55,935,4788,1
17,667,76,774,4102,0
11,612,60,849,4356,0
41,697,98,689,3940,1
14,643,64,817,4216,0
7,821,84,587,3140,0
12,10,1,10,10,1
17,286,62,973,4995,1
54,10,1,10,10,1
32,10,1,10,10,1
9,692,92,711,3967,0
24,643,68,810,4216,1
63,973,89,355,1857,0
13,250,41,995,4970,1
71,802,83,614,3278,1
77,321,57,979,5000,1
7,639,85,778,4239,0
68,492,55,931,4772,1
13,751,89,658,3618,0
16,433,51,961,4899,1
62,875,80,524,2720,1
10,532,59,905,4656,1
65,739,81,692,3695,1
22,724,85,696,3785,0
45,843,78,574,2979,0
15,398,50,973,4949,1
72,894,82,493,2565,0
8,497,56,927,4757,1
30,707,76,735,3885,0
30,572,62,875,4518,1
38,492,55,931,4772,1
5,679,72,770,4036,0
54,684,75,761,4009,1
22,675,73,773,4057,1
35,724,96,669,3785,0
23,638,67,816,4241,0
10,634,67,820,4262,0
37,683,99,699,4015,0
33,594,94,789,4434,0
15,833,85,569,3048,0
24,622,60,841,4316,0
12,383,48,979,4965,1
60,10,31,880,4103,1
16,857,97,505,2867,0
61,910,93,442,2429,0
79,706,74,742,3890,1
76,842,96,527,2984,1
71,640,92,759,4233,1
7,10,1,10,10,1
77,658,73,787,4145,1
7,320,45,992,5000,1
56,10,24,894,4193,1
8,605,99,764,4390,0
21,660,69,794,4133,1
44,643,68,810,4216,1
9,724,67,734,3783,0
57,841,94,535,2994,0
45,614,96,767,4351,1
63,711,68,747,3858,1
16,780,80,646,3429,0
62,719,76,722,3815,1
26,857,97,505,2867,0
66,707,77,734,3883,1
57,361,46,985,4984,1
24,432,52,961,4899,1
11,908,93,444,2444,0
10,978,95,329,1805,0
7,947,95,380,2100,0
66,494,56,929,4767,1
76,631,97,750,4275,1
11,569,54,888,4532,0
35,879,92,489,2689,0
54,480,55,937,4801,1
10,10,1,10,10,1
25,774,98,608,3473,0
7,606,65,846,4385,1
42,988,95,314,1716,0
65,652,68,802,4173,1
48,599,99,770,4416,1
35,768,98,613,3509,0
69,211,47,986,4922,1
21,154,36,980,4813,1
61,827,85,579,3099,0
11,633,96,753,4268,0
5,739,81,693,3697,0
36,719,90,689,3813,0
25,710,88,704,3865,0
69,651,68,802,4177,1
24,781,98,599,3423,0
25,586,99,780,4467,1
41,281,43,995,4992,1
52,773,92,625,3474,1
22,929,96,404,2261,0
27,710,76,733,3867,0
37,892,84,492,2585,0
41,10,1,10,10,1
49,10,34,577,2127,1
78,855,85,540,2881,0
5,948,89,393,2089,0
51,10,47,810,3699,1
49,802,82,616,3278,0
16,692,85,729,3967,0
67,916,94,428,2380,0
47,615,60,846,4345,0
30,215,39,992,4928,1
77,679,78,759,4036,1
79,10,1,10,10,1
59,898,89,468,2529,0
23,622,99,752,4313,1
79,627,99,746,4291,1
58,606,64,846,4382,1
28,320,45,992,5000,1
45,841,88,550,2990,0
14,664,87,752,4117,0
32,997,93,303,1627,0
6,816,96,562,3179,0
73,948,95,379,2095,0
77,10,1,10,10,1
43,894,96,456,2570,0
48,990,92,316,1690,0
6,652,68,802,4176,0
32,654,90,752,4164,1
78,697,98,689,3940,1
17,10,24,894,4193,1
45,193,38,989,4893,1
25,480,55,937,4801,1
11,10,3,10,10,1
14,10,1,10,10,1
5,559,59,888,4566,1
41,962,88,374,1964,0
22,802,82,616,3278,0
7,610,66,841,4366,0
68,755,84,666,3592,1
79,882,93,481,2666,0
33,770,85,648,3498,0
58,644,98,737,4215,1
60,959,95,361,1990,0
20,651,72,797,4179,0
59,227,51,984,4945,1
70,767,97,618,3516,0
43,805,75,629,3257,0
38,830,94,549,3072,0
35,666,80,765,4105,0
43,695,72,755,3951,1
9,812,85,597,3207,0
73,556,60,888,4576,1
73,918,96,422,2363,0
10,793,77,639,3341,0
35,590,94,791,4452,0
79,681,90,726,4027,1
10,677,75,768,4049,0
10,602,97,774,4403,0
63,10,1,10,10,1
16,947,95,380,2100,0
33,718,81,715,3823,0
70,605,64,848,4389,1
29,681,87,735,4027,1
25,144,57,958,4789,1
76,751,78,685,3616,1
10,910,93,442,2429,0
30,757,81,671,3580,0
75,947,95,380,2100,0
34,10,34,571,2085,1
10,772,79,658,3480,0
42,739,77,701,3691,0
21,10,1,10,10,1
37,781,80,646,3422,0
76,724,85,697,3785,1
31,766,88,644,3521,0
34,144,57,958,4789,1
8,917,95,424,2368,0
32,824,85,583,3120,0
35,590,63,860,4448,1
56,658,73,787,4145,1
79,449,45,961,4869,1
12,827,89,565,3093,0
54,782,82,639,3418,1
39,818,96,559,3167,0
33,414,51,968,4928,1
58,951,87,396,2067,0
43,725,75,720,3781,0
13,506,56,923,4733,1
31,74,47,941,4583,1
49,851,94,522,2915,0
61,746,97,641,3649,0
75,10,1,10,10,1
70,975,94,338,1843,0
68,973,89,353,1857,0
16,589,94,792,4456,0
6,979,95,327,1799,0
64,544,59,897,4619,1
36,819,94,564,3153,0
39,781,82,640,3419,0
77,973,89,353,1857,1
70,800,88,603,3292,1
8,858,91,521,2861,0
17,362,48,983,4983,1
37,841,86,556,2993,0
66,10,1,10,10,1
68,412,51,968,4930,1
31,679,78,759,4036,0
14,979,95,328,1800,0
21,586,63,863,4463,1
23,982,89,338,1774,0
20,792,96,589,3345,0
16,699,76,744,3927,0
73,982,89,339,1774,0
56,10,1,10,10,1
17,721,74,725,3803,0
15,960,95,359,1985,0
28,640,92,758,4230,1
55,561,61,883,4557,1
28,589,94,792,4456,0
12,661,99,720,4130,0
46,495,56,928,4764,1
41,653,68,802,4170,0
75,312,48,990,5000,1
28,606,64,846,4383,1
79,973,88,355,1858,1
20,10,1,10,10,1
27,900,83,481,2514,0
30,892,84,492,2585,0
20,623,68,827,4309,0
13,419,50,967,4920,1
38,707,77,734,3883,1
32,697,86,723,3941,0
16,633,96,753,4267,1
63,781,77,654,3425,0
58,872,90,504,2747,0
56,739,69,717,3696,1
53,676,89,734,4054,1
79,10,1,10,10,1
21,710,98,676,3867,0
53,627,97,754,4295,1
15,682,83,743,4023,0
8,924,93,419,2310,0
40,888,82,501,2619,0
62,286,62,973,4995,1
48,10,39,587,2202,1
65,556,53,898,4576,1
26,456,53,950,4854,1
46,850,96,519,2924,0
39,766,88,644,3521,0
60,661,86,755,4131,1
36,631,97,750,4273,0
22,498,48,937,4755,0
59,585,98,784,4471,1
56,572,62,875,4519,1
40,674,82,755,4066,1
24,353,61,969,4989,1
17,804,75,631,3266,0
9,10,1,10,10,1
45,566,60,881,4539,1
34,613,96,768,4355,0
20,924,94,417,2307,0
53,894,94,463,2567,0
23,781,98,599,3424,0
42,674,82,755,4066,1
22,782,82,639,3418,0
45,593,63,858,4438,1
19,694,77,746,3957,0
19,352,61,969,4990,1
45,608,97,769,4374,1
32,743,88,668,3667,0
53,597,60,860,4421,1
66,10,27,132,10,1
70,627,99,747,4292,1
25,741,92,661,3684,0
29,687,68,771,3992,0
12,620,68,830,4321,1
43,590,58,868,4451,0
22,727,80,707,3765,0
26,721,74,725,3803,0
51,660,86,756,4135,1
75,10,34,571,2085,1
9,727,75,718,3769,0
36,917,92,433,2365,0
53,921,93,425,2332,0
48,988,95,314,1716,0
51,929,95,406,2263,0
30,870,90,506,2764,0
47,891,92,470,2591,0
64,724,96,669,3787,1
22,961,95,356,1970,0
34,781,77,654,3425,0
56,10,23,439,1227,1
43,627,86,785,4293,0
61,928,95,410,2275,0
72,919,88,440,2348,0
24,561,61,883,4557,1
74,692,85,729,3967,1
77,963,88,373,1949,0
34,745,93,655,3659,0
37,10,16,94,10,1
52,841,86,556,2994,0
68,613,96,768,4356,1
10,622,99,752,4313,0
44,683,99,699,4015,0
60,759,70,691,3564,0
30,422,51,966,4917,1
56,652,72,796,4177,1
8,711,66,750,3859,0
37,757,81,671,3579,1
63,663,69,790,4120,1
53,916,96,424,2378,0
22,817,96,559,3167,0
27,27,42,919,4404,1
52,756,70,695,3588,0
7,204,38,991,4911,1
78,857,97,505,2867,1
65,593,64,857,4436,1
27,829,85,574,3084,0
33,686,91,721,4001,0
14,10,1,10,10,1
10,811,97,565,3216,0
72,802,82,617,3280,1
48,142,57,958,4786,1
59,10,1,10,10,1
70,672,89,738,4072,1
69,623,68,827,4309,1
79,888,82,502,2614,0
15,250,41,995,4970,1
24,661,62,805,4132,0
66,670,81,760,4086,1
36,832,83,574,3057,0
70,883,96,471,2660,0
16,988,95,314,1716,0
71,627,97,754,4295,1
66,391,49,976,4957,1
59,597,94,787,4422,1
18,724,85,696,3785,0
23,10,39,583,2174,1
6,685,84,739,4003,0
37,881,90,492,2672,0
67,10,1,10,10,1
32,928,95,408,2276,0
43,771,82,654,3490,0
23,620,66,833,4322,1
7,733,74,712,3730,0
8,10,1,10,10,1
19,681,70,774,4028,0
29,414,45,973,4928,1
11,926,85,440,2290,0
79,699,76,744,3927,1
79,601,97,774,4404,1
42,586,100,777,4468,1
76,712,83,715,3855,1
56,768,79,664,3507,0
11,544,60,896,4617,1
58,217,60,972,4931,1
42,888,82,501,2619,0
18,827,85,579,3099,0
56,881,82,511,2677,0
30,730,69,727,3751,0
71,10,1,10,10,1
28,676,89,734,4054,1
15,816,96,562,3180,0
5,827,76,598,3095,0
22,421,51,965,4918,1
40,534,59,904,4650,1
30,649,83,773,4189,0
28,894,94,463,2567,0
64,816,96,562,3180,0
6,457,61,940,4852,1
51,204,38,991,4911,1
31,487,55,934,4784,1
23,850,96,519,2924,0
36,670,81,760,4086,1
35,739,77,701,3691,0
21,677,75,768,4049,0
18,964,90,364,1938,0
79,556,53,898,4576,1
56,880,82,512,2679,0
59,805,90,593,3256,0
35,847,88,545,2948,0
67,498,56,927,4755,1
45,485,47,944,4788,1
79,772,79,658,3480,1
55,626,97,754,4296,1
15,500,51,932,4749,1
8,572,62,875,4518,0
75,699,85,724,3931,1
9,863,94,505,2824,0
68,710,76,733,3867,1
28,691,67,768,3974,0
28,436,52,960,4892,1
30,587,63,863,4463,1
8,959,95,361,1990,0
61,681,96,709,4028,1
35,838,79,578,3013,0
24,904,88,462,2478,0
40,651,68,803,4179,1
29,675,77,763,4057,0
26,768,98,613,3509,0
78,817,96,559,3167,1
50,672,89,738,4073,1
29,982,89,338,1774,0
59,624,68,826,4307,1
51,10,23,527,1794,1
18,586,99,779,4465,0
76,737,76,704,3703,1
76,281,43,995,4992,1
42,728,77,712,3758,0
20,414,51,968,4928,1
64,878,85,509,2697,0
69,319,45,992,5000,1
50,876,94,488,2715,0
77,263,61,974,4982,1
37,887,91,478,2621,0
66,35,23,929,4434,1
36,572,62,875,4518,1
33,962,88,374,1964,0
